candidate,method,bound,selection_mse,exact_target,true_shared_interaction,raw_center,interaction_estimate,corrected_center,evaluation_radius,validation_radius,total_radius,lower,passes,score_variance,correction_variance,alpha,delta,score_width,correction_width,width_basis,analysis_status
persistence,shared_original,hybrid,595.3333333333334,0.0,0.0,0.0,0.0,0.0,0.002037978697364977,0.008152412403596734,0.010190391100961711,-0.010190391100961711,False,0.0,0.0,0.00625,0.003125,2.0,4.0,generic,Post-exposure fixed-draw diagnostic; no independent confirmation.
persistence,shared_original,hoeffding,595.3333333333334,0.0,0.0,0.0,0.0,0.0,0.02653565048301731,0.07505415359895051,0.10158980408196783,-0.10158980408196783,False,0.0,0.0,0.00625,0.003125,2.0,4.0,generic,Post-exposure fixed-draw diagnostic; no independent confirmation.
persistence,shared_pruned_same_counts,hybrid,595.3333333333334,0.0,0.0,0.0,0.0,0.0,0.002037978697364977,0.008152412403596734,0.010190391100961711,-0.010190391100961711,False,0.0,0.0,0.00625,0.003125,2.0,4.0,generic,Post-exposure fixed-draw diagnostic; no independent confirmation.
persistence,shared_pruned_same_counts,hoeffding,595.3333333333334,0.0,0.0,0.0,0.0,0.0,0.02653565048301731,0.07505415359895051,0.10158980408196783,-0.10158980408196783,False,0.0,0.0,0.00625,0.003125,2.0,4.0,generic,Post-exposure fixed-draw diagnostic; no independent confirmation.
persistence,shared_pruned_allocated,hybrid,595.3333333333334,0.0,0.0,0.0,0.0,0.0,0.002551639663655363,0.0042127569237184305,0.0067643965873737935,-0.0067643965873737935,False,0.0,0.0,0.00625,0.003125,2.0,4.0,generic,Post-exposure fixed-draw diagnostic; no independent confirmation.
persistence,shared_pruned_allocated,hoeffding,595.3333333333334,0.0,0.0,0.0,0.0,0.0,0.029691781084085378,0.053954499927946487,0.08364628101203186,-0.08364628101203186,False,0.0,0.0,0.00625,0.003125,2.0,4.0,generic,Post-exposure fixed-draw diagnostic; no independent confirmation.
persistence,direct_triple_u,hybrid,595.3333333333334,0.0,0.0,0.0,0.0,0.0,0.0004089999071728361,0.0,0.0004089999071728361,-0.0004089999071728361,False,0.0,0.0,0.00625,0.0,0.6666666666666666,0.0,generic,Post-exposure fixed-draw diagnostic; no independent confirmation.
persistence,direct_triple_u,hoeffding,595.3333333333334,0.0,0.0,0.0,0.0,0.0,0.006774287190149454,0.0,0.006774287190149454,-0.006774287190149454,False,0.0,0.0,0.00625,0.0,0.6666666666666666,0.0,generic,Post-exposure fixed-draw diagnostic; no independent confirmation.
persistence,complete_pooled_u,variance,595.3333333333334,0.0,0.0,0.0,0.0,0.0,0.0003651163839409031,0.0,0.0003651163839409031,-0.0003651163839409031,False,0.0,0.0,0.00625,0.0,0.6666666666666666,0.0,generic,Post-exposure fixed-draw diagnostic; no independent confirmation.
persistence,complete_pooled_u,hoeffding,595.3333333333334,0.0,0.0,0.0,0.0,0.0,0.006774287190149454,0.0,0.006774287190149454,-0.006774287190149454,False,0.0,0.0,0.00625,0.0,0.6666666666666666,0.0,generic,Post-exposure fixed-draw diagnostic; no independent confirmation.
persistence,census,exact,595.3333333333334,0.0,0.0,0.0,0.0,0.0,0.0,0.0,0.0,0.0,False,0.0,0.0,0.00625,0.0,0.6666666666666666,0.0,generic,Post-exposure fixed-draw diagnostic; no independent confirmation.
ridge_1,shared_original,hybrid,587.6835667008744,0.0009481287389672156,0.014496794485272722,0.014434814453125,0.0123443603515625,0.0020904541015625,0.005588412105894081,0.011550331740604956,0.017138743846499035,-0.015048289744936537,False,0.014433325177430015,0.006609974552490324,0.00625,0.003125,2.0,4.0,generic,Post-exposure fixed-draw diagnostic; no independent confirmation.
ridge_1,shared_original,hoeffding,587.6835667008744,0.0009481287389672156,0.014496794485272722,0.014434814453125,0.0123443603515625,0.0020904541015625,0.02653565048301731,0.07505415359895051,0.10158980408196783,-0.09949934998040533,False,0.014433325177430015,0.006609974552490324,0.00625,0.003125,2.0,4.0,generic,Post-exposure fixed-draw diagnostic; no independent confirmation.
ridge_1,shared_pruned_same_counts,hybrid,587.6835667008744,0.0009481287389672156,0.014496794485272722,0.014434814453125,0.0123443603515625,0.0020904541015625,0.005588412105894081,0.011550331740604956,0.017138743846499035,-0.015048289744936537,False,0.014433325177430015,0.006609974552490324,0.00625,0.003125,2.0,4.0,generic,Post-exposure fixed-draw diagnostic; no independent confirmation.
ridge_1,shared_pruned_same_counts,hoeffding,587.6835667008744,0.0009481287389672156,0.014496794485272722,0.014434814453125,0.0123443603515625,0.0020904541015625,0.02653565048301731,0.07505415359895051,0.10158980408196783,-0.09949934998040533,False,0.014433325177430015,0.006609974552490324,0.00625,0.003125,2.0,4.0,generic,Post-exposure fixed-draw diagnostic; no independent confirmation.
ridge_1,shared_pruned_allocated,hybrid,587.6835667008744,0.0009481287389672156,0.014496794485272722,0.014786795048143054,0.0131371435780974,0.0016496514700456537,0.00648767977597795,0.0067057905768887005,0.013193470352866651,-0.011543818882820998,False,0.014168036313197121,0.006885318897852577,0.00625,0.003125,2.0,4.0,generic,Post-exposure fixed-draw diagnostic; no independent confirmation.
ridge_1,shared_pruned_allocated,hoeffding,587.6835667008744,0.0009481287389672156,0.014496794485272722,0.014786795048143054,0.0131371435780974,0.0016496514700456537,0.029691781084085378,0.053954499927946487,0.08364628101203186,-0.08199662954198621,False,0.014168036313197121,0.006885318897852577,0.00625,0.003125,2.0,4.0,generic,Post-exposure fixed-draw diagnostic; no independent confirmation.
ridge_1,direct_triple_u,hybrid,587.6835667008744,0.0009481287389672156,0.014496794485272722,0.0010019938151041667,0.0,0.0010019938151041667,0.0008611247577641602,0.0,0.0008611247577641602,0.0001408690573400065,True,0.00038874673051080596,0.0,0.00625,0.0,0.6666666666666666,0.0,generic,Post-exposure fixed-draw diagnostic; no independent confirmation.
ridge_1,direct_triple_u,hoeffding,587.6835667008744,0.0009481287389672156,0.014496794485272722,0.0010019938151041667,0.0,0.0010019938151041667,0.006774287190149454,0.0,0.006774287190149454,-0.005772293375045287,False,0.00038874673051080596,0.0,0.00625,0.0,0.6666666666666666,0.0,generic,Post-exposure fixed-draw diagnostic; no independent confirmation.
ridge_1,complete_pooled_u,variance,587.6835667008744,0.0009481287389672156,0.014496794485272722,0.000938194725426731,0.0,0.000938194725426731,0.0007923028483358761,0.0,0.0007923028483358761,0.0001458918770908549,True,0.00038874673051080596,0.0,0.00625,0.0,0.6666666666666666,0.0,generic,Post-exposure fixed-draw diagnostic; no independent confirmation.
ridge_1,complete_pooled_u,hoeffding,587.6835667008744,0.0009481287389672156,0.014496794485272722,0.000938194725426731,0.0,0.000938194725426731,0.006774287190149454,0.0,0.006774287190149454,-0.005836092464722723,False,0.00038874673051080596,0.0,0.00625,0.0,0.6666666666666666,0.0,generic,Post-exposure fixed-draw diagnostic; no independent confirmation.
ridge_1,census,exact,587.6835667008744,0.0009481287389672156,0.014496794485272722,0.0009481287389672156,0.0,0.0009481287389672156,0.0,0.0,0.0,0.0009481287389672156,True,0.0,0.0,0.00625,0.0,0.6666666666666666,0.0,generic,Post-exposure fixed-draw diagnostic; no independent confirmation.
ridge_100,shared_original,hybrid,564.1898179059892,0.0008873063056739006,0.014155783875920437,0.014495849609375,0.0120391845703125,0.0024566650390625,0.005599438939081143,0.011516776957478117,0.01711621589655926,-0.01465955085749676,False,0.014523117604698373,0.006480070860914776,0.00625,0.003125,2.0,4.0,generic,Post-exposure fixed-draw diagnostic; no independent confirmation.
ridge_100,shared_original,hoeffding,564.1898179059892,0.0008873063056739006,0.014155783875920437,0.014495849609375,0.0120391845703125,0.0024566650390625,0.02653565048301731,0.07505415359895051,0.10158980408196783,-0.09913313904290533,False,0.014523117604698373,0.006480070860914776,0.00625,0.003125,2.0,4.0,generic,Post-exposure fixed-draw diagnostic; no independent confirmation.
ridge_100,shared_pruned_same_counts,hybrid,564.1898179059892,0.0008873063056739006,0.014155783875920437,0.014495849609375,0.0120391845703125,0.0024566650390625,0.005599438939081143,0.011516776957478117,0.01711621589655926,-0.01465955085749676,False,0.014523117604698373,0.006480070860914776,0.00625,0.003125,2.0,4.0,generic,Post-exposure fixed-draw diagnostic; no independent confirmation.
ridge_100,shared_pruned_same_counts,hoeffding,564.1898179059892,0.0008873063056739006,0.014155783875920437,0.014495849609375,0.0120391845703125,0.0024566650390625,0.02653565048301731,0.07505415359895051,0.10158980408196783,-0.09913313904290533,False,0.014523117604698373,0.006480070860914776,0.00625,0.003125,2.0,4.0,generic,Post-exposure fixed-draw diagnostic; no independent confirmation.
ridge_100,shared_pruned_allocated,hybrid,564.1898179059892,0.0008873063056739006,0.014155783875920437,0.014557542411737736,0.012695558920010093,0.0018619834917276423,0.0064646618108745646,0.006650857765006442,0.013115519575881007,-0.011253536084153365,False,0.01400281147654291,0.006585232399681278,0.00625,0.003125,2.0,4.0,generic,Post-exposure fixed-draw diagnostic; no independent confirmation.
ridge_100,shared_pruned_allocated,hoeffding,564.1898179059892,0.0008873063056739006,0.014155783875920437,0.014557542411737736,0.012695558920010093,0.0018619834917276423,0.029691781084085378,0.053954499927946487,0.08364628101203186,-0.08178429752030422,False,0.01400281147654291,0.006585232399681278,0.00625,0.003125,2.0,4.0,generic,Post-exposure fixed-draw diagnostic; no independent confirmation.
ridge_100,direct_triple_u,hybrid,564.1898179059892,0.0008873063056739006,0.014155783875920437,0.0010087754991319443,0.0,0.0010087754991319443,0.0008440325220090193,0.0,0.0008440325220090193,0.00016474297712292495,True,0.0003599097636114217,0.0,0.00625,0.0,0.6666666666666666,0.0,generic,Post-exposure fixed-draw diagnostic; no independent confirmation.
ridge_100,direct_triple_u,hoeffding,564.1898179059892,0.0008873063056739006,0.014155783875920437,0.0010087754991319443,0.0,0.0010087754991319443,0.006774287190149454,0.0,0.006774287190149454,-0.00576551169101751,False,0.0003599097636114217,0.0,0.00625,0.0,0.6666666666666666,0.0,generic,Post-exposure fixed-draw diagnostic; no independent confirmation.
ridge_100,complete_pooled_u,variance,564.1898179059892,0.0008873063056739006,0.014155783875920437,0.0008807764576356009,0.0,0.0008807764576356009,0.0007761533892842569,0.0,0.0007761533892842569,0.00010462306835134398,True,0.0003599097636114217,0.0,0.00625,0.0,0.6666666666666666,0.0,generic,Post-exposure fixed-draw diagnostic; no independent confirmation.
ridge_100,complete_pooled_u,hoeffding,564.1898179059892,0.0008873063056739006,0.014155783875920437,0.0008807764576356009,0.0,0.0008807764576356009,0.006774287190149454,0.0,0.006774287190149454,-0.005893510732513853,False,0.0003599097636114217,0.0,0.00625,0.0,0.6666666666666666,0.0,generic,Post-exposure fixed-draw diagnostic; no independent confirmation.
ridge_100,census,exact,564.1898179059892,0.0008873063056739006,0.014155783875920437,0.0008873063056739006,0.0,0.0008873063056739006,0.0,0.0,0.0,0.0008873063056739006,True,0.0,0.0,0.00625,0.0,0.6666666666666666,0.0,generic,Post-exposure fixed-draw diagnostic; no independent confirmation.
boosting_7,shared_original,hybrid,555.3488618856497,0.0005717383726406746,0.007157135468883213,0.006439208984375,0.006744384765625,-0.00030517578125,0.004460330684453636,0.010623200239816466,0.015083530924270103,-0.015388706705520103,False,0.006718590212546447,0.003494978969808231,0.00625,0.003125,2.0,4.0,generic,Post-exposure fixed-draw diagnostic; no independent confirmation.
boosting_7,shared_original,hoeffding,555.3488618856497,0.0005717383726406746,0.007157135468883213,0.006439208984375,0.006744384765625,-0.00030517578125,0.02653565048301731,0.07505415359895051,0.10158980408196783,-0.10189497986321783,False,0.006718590212546447,0.003494978969808231,0.00625,0.003125,2.0,4.0,generic,Post-exposure fixed-draw diagnostic; no independent confirmation.
boosting_7,shared_pruned_same_counts,hybrid,555.3488618856497,0.0005717383726406746,0.007157135468883213,0.006439208984375,0.006744384765625,-0.00030517578125,0.004460330684453636,0.010623200239816466,0.015083530924270103,-0.015388706705520103,False,0.006718590212546447,0.003494978969808231,0.00625,0.003125,2.0,4.0,generic,Post-exposure fixed-draw diagnostic; no independent confirmation.
boosting_7,shared_pruned_same_counts,hoeffding,555.3488618856497,0.0005717383726406746,0.007157135468883213,0.006439208984375,0.006744384765625,-0.00030517578125,0.02653565048301731,0.07505415359895051,0.10158980408196783,-0.10189497986321783,False,0.006718590212546447,0.003494978969808231,0.00625,0.003125,2.0,4.0,generic,Post-exposure fixed-draw diagnostic; no independent confirmation.
boosting_7,shared_pruned_allocated,hybrid,555.3488618856497,0.0005717383726406746,0.007157135468883213,0.008253094910591471,0.006899760282614181,0.0013533346279772903,0.00551712083605054,0.005991238500965885,0.011508359337016424,-0.010155024709039135,False,0.00804231301105511,0.0035040195394037657,0.00625,0.003125,2.0,4.0,generic,Post-exposure fixed-draw diagnostic; no independent confirmation.
boosting_7,shared_pruned_allocated,hoeffding,555.3488618856497,0.0005717383726406746,0.007157135468883213,0.008253094910591471,0.006899760282614181,0.0013533346279772903,0.029691781084085378,0.053954499927946487,0.08364628101203186,-0.08229294638405457,False,0.00804231301105511,0.0035040195394037657,0.00625,0.003125,2.0,4.0,generic,Post-exposure fixed-draw diagnostic; no independent confirmation.
boosting_7,direct_triple_u,hybrid,555.3488618856497,0.0005717383726406746,0.007157135468883213,0.0006086561414930556,0.0,0.0006086561414930556,0.0007142175415133373,0.0,0.0007142175415133373,-0.00010556140002028166,False,0.0001771614543549293,0.0,0.00625,0.0,0.6666666666666666,0.0,generic,Post-exposure fixed-draw diagnostic; no independent confirmation.
boosting_7,direct_triple_u,hoeffding,555.3488618856497,0.0005717383726406746,0.007157135468883213,0.0006086561414930556,0.0,0.0006086561414930556,0.006774287190149454,0.0,0.006774287190149454,-0.006165631048656398,False,0.0001771614543549293,0.0,0.00625,0.0,0.6666666666666666,0.0,generic,Post-exposure fixed-draw diagnostic; no independent confirmation.
boosting_7,complete_pooled_u,variance,555.3488618856497,0.0005717383726406746,0.007157135468883213,0.0005735044475851348,0.0,0.0005735044475851348,0.0006534987675112574,0.0,0.0006534987675112574,-7.99943199261226e-05,False,0.0001771614543549293,0.0,0.00625,0.0,0.6666666666666666,0.0,generic,Post-exposure fixed-draw diagnostic; no independent confirmation.
boosting_7,complete_pooled_u,hoeffding,555.3488618856497,0.0005717383726406746,0.007157135468883213,0.0005735044475851348,0.0,0.0005735044475851348,0.006774287190149454,0.0,0.006774287190149454,-0.006200782742564319,False,0.0001771614543549293,0.0,0.00625,0.0,0.6666666666666666,0.0,generic,Post-exposure fixed-draw diagnostic; no independent confirmation.
boosting_7,census,exact,555.3488618856497,0.0005717383726406746,0.007157135468883213,0.0005717383726406746,0.0,0.0005717383726406746,0.0,0.0,0.0,0.0005717383726406746,True,0.0,0.0,0.00625,0.0,0.6666666666666666,0.0,generic,Post-exposure fixed-draw diagnostic; no independent confirmation.
boosting_31,shared_original,hybrid,527.5912583594637,0.0008521327899962623,0.009056899048860137,0.0085296630859375,0.008148193359375,0.0003814697265625,0.004804981786870615,0.010943039560664496,0.015748021347535113,-0.015366551620972611,False,0.008766433472730284,0.004458382138110331,0.00625,0.003125,2.0,4.0,generic,Post-exposure fixed-draw diagnostic; no independent confirmation.
boosting_31,shared_original,hoeffding,527.5912583594637,0.0008521327899962623,0.009056899048860137,0.0085296630859375,0.008148193359375,0.0003814697265625,0.02653565048301731,0.07505415359895051,0.10158980408196783,-0.10120833435540533,False,0.008766433472730284,0.004458382138110331,0.00625,0.003125,2.0,4.0,generic,Post-exposure fixed-draw diagnostic; no independent confirmation.
boosting_31,shared_pruned_same_counts,hybrid,527.5912583594637,0.0008521327899962623,0.009056899048860137,0.0085296630859375,0.008148193359375,0.0003814697265625,0.004804981786870615,0.010943039560664496,0.015748021347535113,-0.015366551620972611,False,0.008766433472730284,0.004458382138110331,0.00625,0.003125,2.0,4.0,generic,Post-exposure fixed-draw diagnostic; no independent confirmation.
boosting_31,shared_pruned_same_counts,hoeffding,527.5912583594637,0.0008521327899962623,0.009056899048860137,0.0085296630859375,0.008148193359375,0.0003814697265625,0.02653565048301731,0.07505415359895051,0.10158980408196783,-0.10120833435540533,False,0.008766433472730284,0.004458382138110331,0.00625,0.003125,2.0,4.0,generic,Post-exposure fixed-draw diagnostic; no independent confirmation.
boosting_31,shared_pruned_allocated,hybrid,527.5912583594637,0.0008521327899962623,0.009056899048860137,0.01035457741097356,0.008476848347211708,0.0018777290637618516,0.005886686067372767,0.006239437724440041,0.012126123791812809,-0.010248394728050957,False,0.01017171989001246,0.004550283799340321,0.00625,0.003125,2.0,4.0,generic,Post-exposure fixed-draw diagnostic; no independent confirmation.
boosting_31,shared_pruned_allocated,hoeffding,527.5912583594637,0.0008521327899962623,0.009056899048860137,0.01035457741097356,0.008476848347211708,0.0018777290637618516,0.029691781084085378,0.053954499927946487,0.08364628101203186,-0.08176855194827001,False,0.01017171989001246,0.004550283799340321,0.00625,0.003125,2.0,4.0,generic,Post-exposure fixed-draw diagnostic; no independent confirmation.
boosting_31,direct_triple_u,hybrid,527.5912583594637,0.0008521327899962623,0.009056899048860137,0.0008697509765625,0.0,0.0008697509765625,0.000755407868251283,0.0,0.000755407868251283,0.00011434310831121702,True,0.0002282052974155478,0.0,0.00625,0.0,0.6666666666666666,0.0,generic,Post-exposure fixed-draw diagnostic; no independent confirmation.
boosting_31,direct_triple_u,hoeffding,527.5912583594637,0.0008521327899962623,0.009056899048860137,0.0008697509765625,0.0,0.0008697509765625,0.006774287190149454,0.0,0.006774287190149454,-0.005904536213586954,False,0.0002282052974155478,0.0,0.00625,0.0,0.6666666666666666,0.0,generic,Post-exposure fixed-draw diagnostic; no independent confirmation.
boosting_31,complete_pooled_u,variance,527.5912583594637,0.0008521327899962623,0.009056899048860137,0.0008473575802400655,0.0,0.0008473575802400655,0.0006924171105827418,0.0,0.0006924171105827418,0.00015494046965732367,True,0.0002282052974155478,0.0,0.00625,0.0,0.6666666666666666,0.0,generic,Post-exposure fixed-draw diagnostic; no independent confirmation.
boosting_31,complete_pooled_u,hoeffding,527.5912583594637,0.0008521327899962623,0.009056899048860137,0.0008473575802400655,0.0,0.0008473575802400655,0.006774287190149454,0.0,0.006774287190149454,-0.005926929609909389,False,0.0002282052974155478,0.0,0.00625,0.0,0.6666666666666666,0.0,generic,Post-exposure fixed-draw diagnostic; no independent confirmation.
boosting_31,census,exact,527.5912583594637,0.0008521327899962623,0.009056899048860137,0.0008521327899962623,0.0,0.0008521327899962623,0.0,0.0,0.0,0.0008521327899962623,True,0.0,0.0,0.00625,0.0,0.6666666666666666,0.0,generic,Post-exposure fixed-draw diagnostic; no independent confirmation.
blend_ridge_1,shared_original,hybrid,582.1872308901089,0.000455562025282533,0.007858962101799304,0.008026123046875,0.0059967041015625,0.0020294189453125,0.004733734528218004,0.010553434424725994,0.015287168952943998,-0.013257750007631498,False,0.008320793799629857,0.0033003951789782374,0.00625,0.003125,2.0,4.0,generic,Post-exposure fixed-draw diagnostic; no independent confirmation.
blend_ridge_1,shared_original,hoeffding,582.1872308901089,0.000455562025282533,0.007858962101799304,0.008026123046875,0.0059967041015625,0.0020294189453125,0.02653565048301731,0.07505415359895051,0.10158980408196783,-0.09956038513665533,False,0.008320793799629857,0.0033003951789782374,0.00625,0.003125,2.0,4.0,generic,Post-exposure fixed-draw diagnostic; no independent confirmation.
blend_ridge_1,shared_pruned_same_counts,hybrid,582.1872308901089,0.000455562025282533,0.007858962101799304,0.008026123046875,0.0059967041015625,0.0020294189453125,0.004733734528218004,0.010553434424725994,0.015287168952943998,-0.013257750007631498,False,0.008320793799629857,0.0033003951789782374,0.00625,0.003125,2.0,4.0,generic,Post-exposure fixed-draw diagnostic; no independent confirmation.
blend_ridge_1,shared_pruned_same_counts,hoeffding,582.1872308901089,0.000455562025282533,0.007858962101799304,0.008026123046875,0.0059967041015625,0.0020294189453125,0.02653565048301731,0.07505415359895051,0.10158980408196783,-0.09956038513665533,False,0.008320793799629857,0.0033003951789782374,0.00625,0.003125,2.0,4.0,generic,Post-exposure fixed-draw diagnostic; no independent confirmation.
blend_ridge_1,shared_pruned_allocated,hybrid,582.1872308901089,0.000455562025282533,0.007858962101799304,0.00855876509246523,0.007081125410042897,0.0014776396824223324,0.005570295266946012,0.006045065562799009,0.011615360829745021,-0.010137721147322688,False,0.008333314353048824,0.0037193327659278716,0.00625,0.003125,2.0,4.0,generic,Post-exposure fixed-draw diagnostic; no independent confirmation.
blend_ridge_1,shared_pruned_allocated,hoeffding,582.1872308901089,0.000455562025282533,0.007858962101799304,0.00855876509246523,0.007081125410042897,0.0014776396824223324,0.029691781084085378,0.053954499927946487,0.08364628101203186,-0.08216864132960953,False,0.008333314353048824,0.0037193327659278716,0.00625,0.003125,2.0,4.0,generic,Post-exposure fixed-draw diagnostic; no independent confirmation.
blend_ridge_1,direct_triple_u,hybrid,582.1872308901089,0.000455562025282533,0.007858962101799304,0.0005510118272569444,0.0,0.0005510118272569444,0.000722203477851144,0.0,0.000722203477851144,-0.00017119165059419962,False,0.00018655350032125264,0.0,0.00625,0.0,0.6666666666666666,0.0,generic,Post-exposure fixed-draw diagnostic; no independent confirmation.
blend_ridge_1,direct_triple_u,hoeffding,582.1872308901089,0.000455562025282533,0.007858962101799304,0.0005510118272569444,0.0,0.0005510118272569444,0.006774287190149454,0.0,0.006774287190149454,-0.00622327536289251,False,0.00018655350032125264,0.0,0.00625,0.0,0.6666666666666666,0.0,generic,Post-exposure fixed-draw diagnostic; no independent confirmation.
blend_ridge_1,complete_pooled_u,variance,582.1872308901089,0.000455562025282533,0.007858962101799304,0.0004539365993008706,0.0,0.0004539365993008706,0.0006610442140943621,0.0,0.0006610442140943621,-0.0002071076147934915,False,0.00018655350032125264,0.0,0.00625,0.0,0.6666666666666666,0.0,generic,Post-exposure fixed-draw diagnostic; no independent confirmation.
blend_ridge_1,complete_pooled_u,hoeffding,582.1872308901089,0.000455562025282533,0.007858962101799304,0.0004539365993008706,0.0,0.0004539365993008706,0.006774287190149454,0.0,0.006774287190149454,-0.006320350590848583,False,0.00018655350032125264,0.0,0.00625,0.0,0.6666666666666666,0.0,generic,Post-exposure fixed-draw diagnostic; no independent confirmation.
blend_ridge_1,census,exact,582.1872308901089,0.000455562025282533,0.007858962101799304,0.000455562025282533,0.0,0.000455562025282533,0.0,0.0,0.0,0.000455562025282533,True,0.0,0.0,0.00625,0.0,0.6666666666666666,0.0,generic,Post-exposure fixed-draw diagnostic; no independent confirmation.
blend_boosting_7,shared_original,hybrid,569.210066073794,0.0002814381233111963,0.003266662146857403,0.002593994140625,0.0030517578125,-0.000457763671875,0.0036482429365904054,0.009820536793273459,0.013468779729863864,-0.013926543401738864,False,0.002968916269854327,0.0015930540904269931,0.00625,0.003125,2.0,4.0,generic,Post-exposure fixed-draw diagnostic; no independent confirmation.
blend_boosting_7,shared_original,hoeffding,569.210066073794,0.0002814381233111963,0.003266662146857403,0.002593994140625,0.0030517578125,-0.000457763671875,0.02653565048301731,0.07505415359895051,0.10158980408196783,-0.10204756775384283,False,0.002968916269854327,0.0015930540904269931,0.00625,0.003125,2.0,4.0,generic,Post-exposure fixed-draw diagnostic; no independent confirmation.
blend_boosting_7,shared_pruned_same_counts,hybrid,569.210066073794,0.0002814381233111963,0.003266662146857403,0.002593994140625,0.0030517578125,-0.000457763671875,0.0036482429365904054,0.009820536793273459,0.013468779729863864,-0.013926543401738864,False,0.002968916269854327,0.0015930540904269931,0.00625,0.003125,2.0,4.0,generic,Post-exposure fixed-draw diagnostic; no independent confirmation.
blend_boosting_7,shared_pruned_same_counts,hoeffding,569.210066073794,0.0002814381233111963,0.003266662146857403,0.002593994140625,0.0030517578125,-0.000457763671875,0.02653565048301731,0.07505415359895051,0.10158980408196783,-0.10204756775384283,False,0.002968916269854327,0.0015930540904269931,0.00625,0.003125,2.0,4.0,generic,Post-exposure fixed-draw diagnostic; no independent confirmation.
blend_boosting_7,shared_pruned_allocated,hybrid,569.210066073794,0.0002814381233111963,0.003266662146857403,0.004050129909827296,0.003051665404996215,0.0009984645048310816,0.004644432899762865,0.005409498290432183,0.01005393119019505,-0.009055466685363967,False,0.004005375858981976,0.0015866034121527546,0.00625,0.003125,2.0,4.0,generic,Post-exposure fixed-draw diagnostic; no independent confirmation.
blend_boosting_7,shared_pruned_allocated,hoeffding,569.210066073794,0.0002814381233111963,0.003266662146857403,0.004050129909827296,0.003051665404996215,0.0009984645048310816,0.029691781084085378,0.053954499927946487,0.08364628101203186,-0.08264781650720078,False,0.004005375858981976,0.0015866034121527546,0.00625,0.003125,2.0,4.0,generic,Post-exposure fixed-draw diagnostic; no independent confirmation.
blend_boosting_7,direct_triple_u,hybrid,569.210066073794,0.0002814381233111963,0.003266662146857403,0.00025600857204861107,0.0,0.00025600857204861107,0.0005970622951200372,0.0,0.0005970622951200372,-0.00034105372307142615,False,6.725953889276703e-05,0.0,0.00625,0.0,0.6666666666666666,0.0,generic,Post-exposure fixed-draw diagnostic; no independent confirmation.
blend_boosting_7,direct_triple_u,hoeffding,569.210066073794,0.0002814381233111963,0.003266662146857403,0.00025600857204861107,0.0,0.00025600857204861107,0.006774287190149454,0.0,0.006774287190149454,-0.006518278618100843,False,6.725953889276703e-05,0.0,0.00625,0.0,0.6666666666666666,0.0,generic,Post-exposure fixed-draw diagnostic; no independent confirmation.
blend_boosting_7,complete_pooled_u,variance,569.210066073794,0.0002814381233111963,0.003266662146857403,0.0002806828420561757,0.0,0.0002806828420561757,0.0005428055918837284,0.0,0.0005428055918837284,-0.0002621227498275527,False,6.725953889276703e-05,0.0,0.00625,0.0,0.6666666666666666,0.0,generic,Post-exposure fixed-draw diagnostic; no independent confirmation.
blend_boosting_7,complete_pooled_u,hoeffding,569.210066073794,0.0002814381233111963,0.003266662146857403,0.0002806828420561757,0.0,0.0002806828420561757,0.006774287190149454,0.0,0.006774287190149454,-0.006493604348093278,False,6.725953889276703e-05,0.0,0.00625,0.0,0.6666666666666666,0.0,generic,Post-exposure fixed-draw diagnostic; no independent confirmation.
blend_boosting_7,census,exact,569.210066073794,0.0002814381233111963,0.003266662146857403,0.0002814381233111963,0.0,0.0002814381233111963,0.0,0.0,0.0,0.0002814381233111963,True,0.0,0.0,0.00625,0.0,0.6666666666666666,0.0,generic,Post-exposure fixed-draw diagnostic; no independent confirmation.
blend_boosting_31,shared_original,hybrid,546.7531613736979,0.00037400296707478946,0.004507841019108994,0.0036468505859375,0.003570556640625,7.62939453125e-05,0.003907952421122837,0.00998991158264817,0.013897864003771007,-0.013821570058458507,False,0.004003821075351904,0.0019329826905459307,0.00625,0.003125,2.0,4.0,generic,Post-exposure fixed-draw diagnostic; no independent confirmation.
blend_boosting_31,shared_original,hoeffding,546.7531613736979,0.00037400296707478946,0.004507841019108994,0.0036468505859375,0.003570556640625,7.62939453125e-05,0.02653565048301731,0.07505415359895051,0.10158980408196783,-0.10151351013665533,False,0.004003821075351904,0.0019329826905459307,0.00625,0.003125,2.0,4.0,generic,Post-exposure fixed-draw diagnostic; no independent confirmation.
blend_boosting_31,shared_pruned_same_counts,hybrid,546.7531613736979,0.00037400296707478946,0.004507841019108994,0.0036468505859375,0.003570556640625,7.62939453125e-05,0.003907952421122837,0.00998991158264817,0.013897864003771007,-0.013821570058458507,False,0.004003821075351904,0.0019329826905459307,0.00625,0.003125,2.0,4.0,generic,Post-exposure fixed-draw diagnostic; no independent confirmation.
blend_boosting_31,shared_pruned_same_counts,hoeffding,546.7531613736979,0.00037400296707478946,0.004507841019108994,0.0036468505859375,0.003570556640625,7.62939453125e-05,0.02653565048301731,0.07505415359895051,0.10158980408196783,-0.10151351013665533,False,0.004003821075351904,0.0019329826905459307,0.00625,0.003125,2.0,4.0,generic,Post-exposure fixed-draw diagnostic; no independent confirmation.
blend_boosting_31,shared_pruned_allocated,hybrid,546.7531613736979,0.00037400296707478946,0.004507841019108994,0.005463854500993428,0.003997918243754731,0.0014659362572386966,0.004997899810505865,0.005617217405770758,0.010615117216276622,-0.009149180959037925,False,0.00547262777250126,0.002185178028597694,0.00625,0.003125,2.0,4.0,generic,Post-exposure fixed-draw diagnostic; no independent confirmation.
blend_boosting_31,shared_pruned_allocated,hoeffding,546.7531613736979,0.00037400296707478946,0.004507841019108994,0.005463854500993428,0.003997918243754731,0.0014659362572386966,0.029691781084085378,0.053954499927946487,0.08364628101203186,-0.08218034475479316,False,0.00547262777250126,0.002185178028597694,0.00625,0.003125,2.0,4.0,generic,Post-exposure fixed-draw diagnostic; no independent confirmation.
blend_boosting_31,direct_triple_u,hybrid,546.7531613736979,0.00037400296707478946,0.004507841019108994,0.00034417046440972225,0.0,0.00034417046440972225,0.000631720408786106,0.0,0.000631720408786106,-0.00028754994437638374,False,9.433446376578188e-05,0.0,0.00625,0.0,0.6666666666666666,0.0,generic,Post-exposure fixed-draw diagnostic; no independent confirmation.
blend_boosting_31,direct_triple_u,hoeffding,546.7531613736979,0.00037400296707478946,0.004507841019108994,0.00034417046440972225,0.0,0.00034417046440972225,0.006774287190149454,0.0,0.006774287190149454,-0.006430116725739732,False,9.433446376578188e-05,0.0,0.00625,0.0,0.6666666666666666,0.0,generic,Post-exposure fixed-draw diagnostic; no independent confirmation.
blend_boosting_31,complete_pooled_u,variance,546.7531613736979,0.00037400296707478946,0.004507841019108994,0.000373506607071855,0.0,0.000373506607071855,0.0005755520269010544,0.0,0.0005755520269010544,-0.00020204541982919943,False,9.433446376578188e-05,0.0,0.00625,0.0,0.6666666666666666,0.0,generic,Post-exposure fixed-draw diagnostic; no independent confirmation.
blend_boosting_31,complete_pooled_u,hoeffding,546.7531613736979,0.00037400296707478946,0.004507841019108994,0.000373506607071855,0.0,0.000373506607071855,0.006774287190149454,0.0,0.006774287190149454,-0.006400780583077599,False,9.433446376578188e-05,0.0,0.00625,0.0,0.6666666666666666,0.0,generic,Post-exposure fixed-draw diagnostic; no independent confirmation.
blend_boosting_31,census,exact,546.7531613736979,0.00037400296707478946,0.004507841019108994,0.00037400296707478946,0.0,0.00037400296707478946,0.0,0.0,0.0,0.00037400296707478946,True,0.0,0.0,0.00625,0.0,0.6666666666666666,0.0,generic,Post-exposure fixed-draw diagnostic; no independent confirmation.
