law,raw_budget,theta,theta_exact,method,raw_alpha,repetitions,rejections,rejection_rate,lower_bound_failures,mean_estimate,mean_lower_bound,mean_method_seconds,charged_raw_rows_per_repetition
balanced_independent,512,0.0,0,full_u_hoeffding,0.05,500,0,0.0,0,0.00010858381237769082,-0.017920774339729446,9.17043387889862e-05,512
balanced_independent,512,0.0,0,full_u_eb,0.05,500,0,0.0,0,0.00010858381237769082,-0.08250428358233981,8.93876925110817e-05,512
balanced_independent,512,0.0,0,full_u_joint,0.05,500,0,0.0,0,0.00010858381237769082,-0.019898141006787325,8.94637331366539e-05,512
balanced_independent,512,0.0,0,binary_full_u_eb,0.05,500,0,0.0,0,0.00010858381237769082,-0.04681923595759337,8.912938088178635e-05,512
balanced_independent,512,0.0,0,binary_full_u_joint,0.05,500,0,0.0,0,0.00010858381237769082,-0.019898141006787325,8.91050398349762e-05,512
balanced_independent,512,0.0,0,stratified_hoeffding,0.05,500,0,0.0,0,1.953125e-06,-0.10817419578764287,2.803262323141098e-05,512
balanced_independent,512,0.0,0,stratified_hybrid,0.05,500,0,0.0,0,1.953125e-06,-0.09685946946617696,2.601708471775055e-05,512
balanced_independent,512,0.0,0,binary_stratified_hoeffding,0.05,500,0,0.0,0,1.953125e-06,-0.02704208410316071,2.547737956047058e-05,512
balanced_independent,512,0.0,0,binary_stratified_hybrid,0.05,500,0,0.0,0,1.953125e-06,-0.03000813410374753,2.55209356546402e-05,512
balanced_independent,512,0.0,0,stratified_profiled_betting64,0.05,500,0,0.0,,1.953125e-06,,0.0003696378171443939,512
balanced_independent,512,0.0,0,binary_stratified_betting64,0.05,500,0,0.0,,1.953125e-06,,0.00041470471769571303,512
balanced_independent,512,0.0,0,direct_four_row_betting64,0.05,500,0,0.0,,8.561197916666687e-05,,0.0005847489163279534,512
balanced_independent,512,0.0,0,binary_all_raw_pair_betting64,0.05,500,0,0.0,,0.0001787109375,,0.00044611284136772156,512
balanced_independent,2048,0.0,0,full_u_hoeffding,0.05,500,0,0.0,0,-8.552554996641427e-05,-0.009100204626019985,9.59177315235138e-05,2048
balanced_independent,2048,0.0,0,full_u_eb,0.05,500,0,0.0,0,-8.552554996641427e-05,-0.02257551020780481,9.36211571097374e-05,2048
balanced_independent,2048,0.0,0,full_u_joint,0.05,500,0,0.0,0,-8.552554996641427e-05,-0.01008888795954892,9.366800636053085e-05,2048
balanced_independent,2048,0.0,0,binary_full_u_eb,0.05,500,0,0.0,0,-8.552554996641427e-05,-0.013672870866942511,9.33334231376648e-05,2048
balanced_independent,2048,0.0,0,binary_full_u_joint,0.05,500,0,0.0,0,-8.552554996641427e-05,-0.01008888795954892,9.330645948648452e-05,2048
balanced_independent,2048,0.0,0,stratified_hoeffding,0.05,500,0,0.0,0,-0.00010986328125,-0.054197937737571436,3.741275519132614e-05,2048
balanced_independent,2048,0.0,0,stratified_hybrid,0.05,500,0,0.0,0,-0.00010986328125,-0.02825257151158287,3.535608947277069e-05,2048
balanced_independent,2048,0.0,0,binary_stratified_hoeffding,0.05,500,0,0.0,0,-0.00010986328125,-0.013631881895330357,3.4753315150737766e-05,2048
balanced_independent,2048,0.0,0,binary_stratified_hybrid,0.05,500,0,0.0,0,-0.00010986328125,-0.013245630981877803,3.4802354872226714e-05,2048
balanced_independent,2048,0.0,0,stratified_profiled_betting64,0.05,500,0,0.0,,-0.00010986328125,,0.0003974573612213135,2048
balanced_independent,2048,0.0,0,binary_stratified_betting64,0.05,500,0,0.0,,-0.00010986328125,,0.0004463347867131233,2048
balanced_independent,2048,0.0,0,direct_four_row_betting64,0.05,500,0,0.0,,-7.28352864583331e-05,,0.0006046894192695617,2048
balanced_independent,2048,0.0,0,binary_all_raw_pair_betting64,0.05,500,0,0.0,,-6.396484375e-05,,0.00047158345580101014,2048
balanced_independent,8192,0.0,0,full_u_hoeffding,0.05,500,0,0.0,0,8.281049703943353e-06,-0.004499058488322842,0.00010481342673301697,8192
balanced_independent,8192,0.0,0,full_u_eb,0.05,500,0,0.0,0,8.281049703943353e-06,-0.006549517924261269,0.00010249380022287369,8192
balanced_independent,8192,0.0,0,full_u_joint,0.05,500,0,0.0,0,8.281049703943353e-06,-0.0049934001550873105,0.00010256116092205047,8192
balanced_independent,8192,0.0,0,binary_full_u_eb,0.05,500,0,0.0,0,8.281049703943353e-06,-0.004325018185843486,0.00010219940543174743,8192
balanced_independent,8192,0.0,0,binary_full_u_joint,0.05,500,0,0.0,0,8.281049703943353e-06,-0.004955431531790239,0.00010218232125043869,8192
balanced_independent,8192,0.0,0,stratified_hoeffding,0.05,500,0,0.0,0,8.4716796875e-05,-0.026959320431285717,7.07884430885315e-05,8192
balanced_independent,8192,0.0,0,stratified_hybrid,0.05,500,0,0.0,0,8.4716796875e-05,-0.008996888968852378,6.854794174432755e-05,8192
balanced_independent,8192,0.0,0,binary_stratified_hoeffding,0.05,500,0,0.0,0,8.4716796875e-05,-0.006676292510165179,6.795884668827056e-05,8192
balanced_independent,8192,0.0,0,binary_stratified_hybrid,0.05,500,0,0.0,0,8.4716796875e-05,-0.005250652226947497,6.800451129674912e-05,8192
balanced_independent,8192,0.0,0,stratified_profiled_betting64,0.05,500,0,0.0,,8.4716796875e-05,,0.0004952176958322525,8192
balanced_independent,8192,0.0,0,binary_stratified_betting64,0.05,500,0,0.0,,8.4716796875e-05,,0.0005542202442884445,8192
balanced_independent,8192,0.0,0,direct_four_row_betting64,0.05,500,0,0.0,,3.784179687500024e-05,,0.0006850381270051002,8192
balanced_independent,8192,0.0,0,binary_all_raw_pair_betting64,0.05,500,1,0.002,,4.962158203125e-05,,0.0006090963557362556,8192
balanced_independent,32768,0.0,0,full_u_hoeffding,0.05,500,0,0.0,0,-3.7463943118684096e-06,-0.002257416163325261,0.00014242280274629594,32768
balanced_independent,32768,0.0,0,full_u_eb,0.05,500,0,0.0,0,-3.7463943118684096e-06,-0.0021119309139695135,0.000140079528093338,32768
balanced_independent,32768,0.0,0,full_u_joint,0.05,500,0,0.0,0,-3.7463943118684096e-06,-0.0024161605451537716,0.0001401240825653076,32768
balanced_independent,32768,0.0,0,binary_full_u_eb,0.05,500,0,0.0,0,-3.7463943118684096e-06,-0.0015558784260458775,0.00013976239413022995,32768
balanced_independent,32768,0.0,0,binary_full_u_joint,0.05,500,0,0.0,0,-3.7463943118684096e-06,-0.0017556247801152453,0.00013976501673460006,32768
balanced_independent,32768,0.0,0,stratified_hoeffding,0.05,500,0,0.0,0,1.556396484375e-06,-0.013520462217595983,0.00020078875869512558,32768
balanced_independent,32768,0.0,0,stratified_hybrid,0.05,500,0,0.0,0,1.556396484375e-06,-0.0032914189783812184,0.00019835982471704482,32768
balanced_independent,32768,0.0,0,binary_stratified_hoeffding,0.05,500,0,0.0,0,1.556396484375e-06,-0.003378948257035714,0.00019779173284769058,32768
balanced_independent,32768,0.0,0,binary_stratified_hybrid,0.05,500,0,0.0,0,1.556396484375e-06,-0.0023552028129949047,0.00019786009192466735,32768
balanced_independent,32768,0.0,0,stratified_profiled_betting64,0.05,500,1,0.002,,1.556396484375e-06,,0.0006308120787143708,32768
balanced_independent,32768,0.0,0,binary_stratified_betting64,0.05,500,1,0.002,,1.556396484375e-06,,0.0006873756349086761,32768
balanced_independent,32768,0.0,0,direct_four_row_betting64,0.05,500,0,0.0,,-1.3193766276041398e-05,,0.0007150569707155228,32768
balanced_independent,32768,0.0,0,binary_all_raw_pair_betting64,0.05,500,0,0.0,,9.1552734375e-06,,0.0008794481232762336,32768
balanced_anticorrelated,512,-0.0625,-1/16,full_u_hoeffding,0.05,500,0,0.0,0,-0.06250462481653621,-0.08053398296864335,6.565609574317932e-05,512
balanced_anticorrelated,512,-0.0625,-1/16,full_u_eb,0.05,500,0,0.0,0,-0.06250462481653621,-0.1381190117013988,6.350921094417572e-05,512
balanced_anticorrelated,512,-0.0625,-1/16,full_u_joint,0.05,500,0,0.0,0,-0.06250462481653621,-0.08251134963570121,6.358429044485092e-05,512
balanced_anticorrelated,512,-0.0625,-1/16,binary_full_u_eb,0.05,500,0,0.0,0,-0.06250462481653621,-0.10243396407665237,6.32600486278534e-05,512
balanced_anticorrelated,512,-0.0625,-1/16,binary_full_u_joint,0.05,500,0,0.0,0,-0.06250462481653621,-0.08251134963570121,6.325928121805191e-05,512
balanced_anticorrelated,512,-0.0625,-1/16,stratified_hoeffding,0.05,500,0,0.0,0,-0.062384765625,-0.17056091453764288,2.652110904455185e-05,512
balanced_anticorrelated,512,-0.0625,-1/16,stratified_hybrid,0.05,500,0,0.0,0,-0.062384765625,-0.1592449199606228,2.4682484567165376e-05,512
balanced_anticorrelated,512,-0.0625,-1/16,binary_stratified_hoeffding,0.05,500,0,0.0,0,-0.062384765625,-0.08942880285316071,2.4135470390319823e-05,512
balanced_anticorrelated,512,-0.0625,-1/16,binary_stratified_hybrid,0.05,500,0,0.0,0,-0.062384765625,-0.0923948528537475,2.418820559978485e-05,512
balanced_anticorrelated,512,-0.0625,-1/16,stratified_profiled_betting64,0.05,500,0,0.0,,-0.062384765625,,0.00010246855765581131,512
balanced_anticorrelated,512,-0.0625,-1/16,binary_stratified_betting64,0.05,500,0,0.0,,-0.062384765625,,9.834487736225128e-05,512
balanced_anticorrelated,512,-0.0625,-1/16,direct_four_row_betting64,0.05,500,0,0.0,,-0.062474609375,,0.00012673982232809067,512
balanced_anticorrelated,512,-0.0625,-1/16,binary_all_raw_pair_betting64,0.05,500,0,0.0,,-0.062544921875,,0.00010101917386054993,512
balanced_anticorrelated,2048,-0.0625,-1/16,full_u_hoeffding,0.05,500,0,0.0,0,-0.06249989814553311,-0.07151457722158666,6.945499032735825e-05,2048
balanced_anticorrelated,2048,-0.0625,-1/16,full_u_eb,0.05,500,0,0.0,0,-0.06249989814553311,-0.08136826201880124,6.733360886573791e-05,2048
balanced_anticorrelated,2048,-0.0625,-1/16,full_u_joint,0.05,500,0,0.0,0,-0.06249989814553311,-0.0725032605551156,6.740102171897888e-05,2048
balanced_anticorrelated,2048,-0.0625,-1/16,binary_full_u_eb,0.05,500,0,0.0,0,-0.06249989814553311,-0.07246562267793893,6.705397367477417e-05,2048
balanced_anticorrelated,2048,-0.0625,-1/16,binary_full_u_joint,0.05,500,0,0.0,0,-0.06249989814553311,-0.0725032605551156,6.705952435731887e-05,2048
balanced_anticorrelated,2048,-0.0625,-1/16,stratified_hoeffding,0.05,500,0,0.0,0,-0.062546875,-0.11663494945632144,3.4751735627651214e-05,2048
balanced_anticorrelated,2048,-0.0625,-1/16,stratified_hybrid,0.05,500,0,0.0,0,-0.062546875,-0.09073332378994996,3.277886658906937e-05,2048
balanced_anticorrelated,2048,-0.0625,-1/16,binary_stratified_hoeffding,0.05,500,0,0.0,0,-0.062546875,-0.07606889361408034,3.2266020774841305e-05,2048
balanced_anticorrelated,2048,-0.0625,-1/16,binary_stratified_hybrid,0.05,500,0,0.0,0,-0.062546875,-0.07572638326024489,3.23311910033226e-05,2048
balanced_anticorrelated,2048,-0.0625,-1/16,stratified_profiled_betting64,0.05,500,0,0.0,,-0.062546875,,0.00011065322160720825,2048
balanced_anticorrelated,2048,-0.0625,-1/16,binary_stratified_betting64,0.05,500,0,0.0,,-0.062546875,,0.00010664245486259461,2048
balanced_anticorrelated,2048,-0.0625,-1/16,direct_four_row_betting64,0.05,500,0,0.0,,-0.06257600911458333,,0.00012989363074302672,2048
balanced_anticorrelated,2048,-0.0625,-1/16,binary_all_raw_pair_betting64,0.05,500,0,0.0,,-0.06254248046875,,0.0001152309849858284,2048
balanced_anticorrelated,8192,-0.0625,-1/16,full_u_hoeffding,0.05,500,0,0.0,0,-0.06250021472959318,-0.06700755426761995,8.163100481033325e-05,8192
balanced_anticorrelated,8192,-0.0625,-1/16,full_u_eb,0.05,500,0,0.0,0,-0.06250021472959318,-0.06721453679599336,7.94442892074585e-05,8192
balanced_anticorrelated,8192,-0.0625,-1/16,full_u_joint,0.05,500,0,0.0,0,-0.06250021472959318,-0.06750189593438441,7.953597605228425e-05,8192
balanced_anticorrelated,8192,-0.0625,-1/16,binary_full_u_eb,0.05,500,0,0.0,0,-0.06250021472959318,-0.06499003705757557,7.918421179056167e-05,8192
balanced_anticorrelated,8192,-0.0625,-1/16,binary_full_u_joint,0.05,500,0,0.0,0,-0.06250021472959318,-0.0654547050721204,7.918955385684967e-05,8192
balanced_anticorrelated,8192,-0.0625,-1/16,stratified_hoeffding,0.05,500,0,0.0,0,-0.06256884765625,-0.0896128848844107,6.276580691337585e-05,8192
balanced_anticorrelated,8192,-0.0625,-1/16,stratified_hybrid,0.05,500,0,0.0,0,-0.06256884765625,-0.07165232000936968,6.069570779800415e-05,8192
balanced_anticorrelated,8192,-0.0625,-1/16,binary_stratified_hoeffding,0.05,500,0,0.0,0,-0.06256884765625,-0.06932985696329017,6.0172073543071744e-05,8192
balanced_anticorrelated,8192,-0.0625,-1/16,binary_stratified_hybrid,0.05,500,0,0.0,0,-0.06256884765625,-0.06790608326746479,6.0231409966945645e-05,8192
balanced_anticorrelated,8192,-0.0625,-1/16,stratified_profiled_betting64,0.05,500,0,0.0,,-0.06256884765625,,0.00013805665820837022,8192
balanced_anticorrelated,8192,-0.0625,-1/16,binary_stratified_betting64,0.05,500,0,0.0,,-0.06256884765625,,0.00013400074094533921,8192
balanced_anticorrelated,8192,-0.0625,-1/16,direct_four_row_betting64,0.05,500,0,0.0,,-0.06251361083984375,,0.0001389096826314926,8192
balanced_anticorrelated,8192,-0.0625,-1/16,binary_all_raw_pair_betting64,0.05,500,0,0.0,,-0.06252813720703125,,0.000169706791639328,8192
balanced_anticorrelated,32768,-0.0625,-1/16,full_u_hoeffding,0.05,500,0,0.0,0,-0.0625000138040188,-0.0647536835730322,0.00012824461609125138,32768
balanced_anticorrelated,32768,-0.0625,-1/16,full_u_eb,0.05,500,0,0.0,0,-0.0625000138040188,-0.06367858865404022,0.00012600692361593247,32768
balanced_anticorrelated,32768,-0.0625,-1/16,full_u_joint,0.05,500,0,0.0,0,-0.0625000138040188,-0.06389923792566804,0.00012607073783874512,32768
balanced_anticorrelated,32768,-0.0625,-1/16,binary_full_u_eb,0.05,500,0,0.0,0,-0.0625000138040188,-0.0631225361661166,0.0001257324293255806,32768
balanced_anticorrelated,32768,-0.0625,-1/16,binary_full_u_joint,0.05,500,0,0.0,0,-0.0625000138040188,-0.0632387021606295,0.00012574230879545213,32768
balanced_anticorrelated,32768,-0.0625,-1/16,stratified_hoeffding,0.05,500,0,0.0,0,-0.062490966796875,-0.07601298541095534,0.00017203669250011444,32768
balanced_anticorrelated,32768,-0.0625,-1/16,stratified_hybrid,0.05,500,0,0.0,0,-0.062490966796875,-0.06578352666215836,0.00016979847848415375,32768
balanced_anticorrelated,32768,-0.0625,-1/16,binary_stratified_hoeffding,0.05,500,0,0.0,0,-0.062490966796875,-0.06587147145039511,0.00016926777362823487,32768
balanced_anticorrelated,32768,-0.0625,-1/16,binary_stratified_hybrid,0.05,500,0,0.0,0,-0.062490966796875,-0.06484731049677207,0.0001693173497915268,32768
balanced_anticorrelated,32768,-0.0625,-1/16,stratified_profiled_betting64,0.05,500,0,0.0,,-0.062490966796875,,0.00024787477403879165,32768
balanced_anticorrelated,32768,-0.0625,-1/16,binary_stratified_betting64,0.05,500,0,0.0,,-0.062490966796875,,0.00024371013790369035,32768
balanced_anticorrelated,32768,-0.0625,-1/16,direct_four_row_betting64,0.05,500,0,0.0,,-0.062481735229492186,,0.00017422983795404434,32768
balanced_anticorrelated,32768,-0.0625,-1/16,binary_all_raw_pair_betting64,0.05,500,0,0.0,,-0.06248680114746094,,0.0003887258246541023,32768
balanced_perfectly_correlated,512,0.0625,1/16,full_u_hoeffding,0.05,500,500,1.0,0,0.06249651609894815,0.044467157946841,6.655919551849366e-05,512
balanced_perfectly_correlated,512,0.0625,1/16,full_u_eb,0.05,500,0,0.0,0,0.06249651609894815,-0.013142196063676384,6.437433511018753e-05,512
balanced_perfectly_correlated,512,0.0625,1/16,full_u_joint,0.05,500,500,1.0,0,0.06249651609894815,0.04248979127978312,6.438212841749191e-05,512
balanced_perfectly_correlated,512,0.0625,1/16,binary_full_u_eb,0.05,500,500,1.0,0,0.06249651609894815,0.02254285156107005,6.403011083602906e-05,512
balanced_perfectly_correlated,512,0.0625,1/16,binary_full_u_joint,0.05,500,500,1.0,0,0.06249651609894815,0.04248979127978312,6.403012573719024e-05,512
balanced_perfectly_correlated,512,0.0625,1/16,stratified_hoeffding,0.05,500,0,0.0,0,0.063021484375,-0.04515466453764283,2.82115638256073e-05,512
balanced_perfectly_correlated,512,0.0625,1/16,stratified_hybrid,0.05,500,0,0.0,0,0.063021484375,-0.03384507613651712,2.6298068463802337e-05,512
balanced_perfectly_correlated,512,0.0625,1/16,binary_stratified_hoeffding,0.05,500,500,1.0,0,0.063021484375,0.03597744714683928,2.5713764131069183e-05,512
balanced_perfectly_correlated,512,0.0625,1/16,binary_stratified_hybrid,0.05,500,500,1.0,0,0.063021484375,0.03301139714625247,2.578052133321762e-05,512
balanced_perfectly_correlated,512,0.0625,1/16,stratified_profiled_betting64,0.05,500,500,1.0,,0.063021484375,,0.0008528633713722229,512
balanced_perfectly_correlated,512,0.0625,1/16,binary_stratified_betting64,0.05,500,500,1.0,,0.063021484375,,0.0009547822251915932,512
balanced_perfectly_correlated,512,0.0625,1/16,direct_four_row_betting64,0.05,500,500,1.0,,0.06254720052083333,,0.0010155702754855156,512
balanced_perfectly_correlated,512,0.0625,1/16,binary_all_raw_pair_betting64,0.05,500,500,1.0,,0.0628095703125,,0.0010061899051070212,512
balanced_perfectly_correlated,2048,0.0625,1/16,full_u_hoeffding,0.05,500,500,1.0,0,0.06249668090402877,0.0534820018279752,7.065186649560928e-05,2048
balanced_perfectly_correlated,2048,0.0625,1/16,full_u_eb,0.05,500,500,1.0,0,0.06249668090402877,0.04361868638747251,6.839071959257125e-05,2048
balanced_perfectly_correlated,2048,0.0625,1/16,full_u_joint,0.05,500,500,1.0,0,0.06249668090402877,0.05249331849444626,6.84279277920723e-05,2048
balanced_perfectly_correlated,2048,0.0625,1/16,binary_full_u_eb,0.05,500,500,1.0,0,0.06249668090402877,0.05252132572833481,6.80607408285141e-05,2048
balanced_perfectly_correlated,2048,0.0625,1/16,binary_full_u_joint,0.05,500,500,1.0,0,0.06249668090402877,0.05249331849444626,6.806962937116623e-05,2048
balanced_perfectly_correlated,2048,0.0625,1/16,stratified_hoeffding,0.05,500,500,1.0,0,0.06244580078125,0.008357726324928585,3.93151044845581e-05,2048
balanced_perfectly_correlated,2048,0.0625,1/16,stratified_hybrid,0.05,500,500,1.0,0,0.06244580078125,0.03425924420708328,3.721665591001511e-05,2048
balanced_perfectly_correlated,2048,0.0625,1/16,binary_stratified_hoeffding,0.05,500,500,1.0,0,0.06244580078125,0.048923782167169645,3.664281964302063e-05,2048
balanced_perfectly_correlated,2048,0.0625,1/16,binary_stratified_hybrid,0.05,500,500,1.0,0,0.06244580078125,0.04926618473678836,3.671310096979141e-05,2048
balanced_perfectly_correlated,2048,0.0625,1/16,stratified_profiled_betting64,0.05,500,500,1.0,,0.06244580078125,,0.0009734262451529502,2048
balanced_perfectly_correlated,2048,0.0625,1/16,binary_stratified_betting64,0.05,500,500,1.0,,0.06244580078125,,0.001065495565533638,2048
balanced_perfectly_correlated,2048,0.0625,1/16,direct_four_row_betting64,0.05,500,500,1.0,,0.06239103190104167,,0.0011175471171736718,2048
balanced_perfectly_correlated,2048,0.0625,1/16,binary_all_raw_pair_betting64,0.05,500,500,1.0,,0.062424560546875,,0.0011303580030798913,2048
balanced_perfectly_correlated,8192,0.0625,1/16,full_u_hoeffding,0.05,500,500,1.0,0,0.06249923559632905,0.05799189605830227,8.269743621349334e-05,8192
balanced_perfectly_correlated,8192,0.0625,1/16,full_u_eb,0.05,500,500,1.0,0,0.06249923559632905,0.05778283091846537,8.045224100351334e-05,8192
balanced_perfectly_correlated,8192,0.0625,1/16,full_u_joint,0.05,500,500,1.0,0,0.06249923559632905,0.0574975543915378,8.04491639137268e-05,8192
balanced_perfectly_correlated,8192,0.0625,1/16,binary_full_u_eb,0.05,500,500,1.0,0,0.06249923559632905,0.06000733065688314,8.01154226064682e-05,8192
balanced_perfectly_correlated,8192,0.0625,1/16,binary_full_u_joint,0.05,500,500,1.0,0,0.06249923559632905,0.059542475396636596,8.012120425701141e-05,8192
balanced_perfectly_correlated,8192,0.0625,1/16,stratified_hoeffding,0.05,500,500,1.0,0,0.0625057373046875,0.035461700076526784,7.843366265296936e-05,8192
balanced_perfectly_correlated,8192,0.0625,1/16,stratified_hybrid,0.05,500,500,1.0,0,0.0625057373046875,0.0534221408830062,7.618040591478348e-05,8192
balanced_perfectly_correlated,8192,0.0625,1/16,binary_stratified_hoeffding,0.05,500,500,1.0,0,0.0625057373046875,0.05574472799764734,7.563566416502e-05,8192
balanced_perfectly_correlated,8192,0.0625,1/16,binary_stratified_hybrid,0.05,500,500,1.0,0,0.0625057373046875,0.057168377624911074,7.570584118366242e-05,8192
balanced_perfectly_correlated,8192,0.0625,1/16,stratified_profiled_betting64,0.05,500,500,1.0,,0.0625057373046875,,0.001111430563032627,8192
balanced_perfectly_correlated,8192,0.0625,1/16,binary_stratified_betting64,0.05,500,500,1.0,,0.0625057373046875,,0.0012084117829799653,8192
balanced_perfectly_correlated,8192,0.0625,1/16,direct_four_row_betting64,0.05,500,500,1.0,,0.06248946126302083,,0.0012120543718338013,8192
balanced_perfectly_correlated,8192,0.0625,1/16,binary_all_raw_pair_betting64,0.05,500,500,1.0,,0.062552001953125,,0.0012827933505177498,8192
balanced_perfectly_correlated,32768,0.0625,1/16,full_u_hoeffding,0.05,500,500,1.0,0,0.06249995321963644,0.06024628345062304,0.00012929102033376694,32768
balanced_perfectly_correlated,32768,0.0625,1/16,full_u_eb,0.05,500,500,1.0,0,0.06249995321963644,0.061321166343296395,0.0001270129233598709,32768
balanced_perfectly_correlated,32768,0.0625,1/16,full_u_joint,0.05,500,500,1.0,0,0.06249995321963644,0.0611004980085752,0.00012701331824064254,32768
balanced_perfectly_correlated,32768,0.0625,1/16,binary_full_u_eb,0.05,500,500,1.0,0,0.06249995321963644,0.06187721883122003,0.00012668447196483612,32768
balanced_perfectly_correlated,32768,0.0625,1/16,binary_full_u_joint,0.05,500,500,1.0,0,0.06249995321963644,0.061761033773613735,0.00012666831910610198,32768
balanced_perfectly_correlated,32768,0.0625,1/16,stratified_hoeffding,0.05,500,500,1.0,0,0.06246792602539063,0.048945907411310274,0.00023268046975135804,32768
balanced_perfectly_correlated,32768,0.0625,1/16,stratified_hybrid,0.05,500,500,1.0,0,0.06246792602539063,0.0591753645850352,0.0002302297130227089,32768
balanced_perfectly_correlated,32768,0.0625,1/16,binary_stratified_hoeffding,0.05,500,500,1.0,0,0.06246792602539063,0.05908742137187053,0.00022966577857732774,32768
balanced_perfectly_correlated,32768,0.0625,1/16,binary_stratified_hybrid,0.05,500,500,1.0,0,0.06246792602539063,0.06011158075042152,0.0002297073006629944,32768
balanced_perfectly_correlated,32768,0.0625,1/16,stratified_profiled_betting64,0.05,500,500,1.0,,0.06246792602539063,,0.0013732341304421424,32768
balanced_perfectly_correlated,32768,0.0625,1/16,binary_stratified_betting64,0.05,500,500,1.0,,0.06246792602539063,,0.001407312124967575,32768
balanced_perfectly_correlated,32768,0.0625,1/16,direct_four_row_betting64,0.05,500,500,1.0,,0.06248703511555989,,0.0012888359278440476,32768
balanced_perfectly_correlated,32768,0.0625,1/16,binary_all_raw_pair_betting64,0.05,500,500,1.0,,0.06249049377441406,,0.0016323989555239676,32768
rare_perfectly_correlated,512,0.002475,99/40000,full_u_hoeffding,0.05,500,0,0.0,0,0.0024143472511007832,-0.015615010901006351,6.699775904417038e-05,512
rare_perfectly_correlated,512,0.002475,99/40000,full_u_eb,0.05,500,0,0.0,0,0.0024143472511007832,-0.07549399271198647,6.477618217468261e-05,512
rare_perfectly_correlated,512,0.002475,99/40000,full_u_joint,0.05,500,0,0.0,0,0.0024143472511007832,-0.017592377568064234,6.481831520795822e-05,512
rare_perfectly_correlated,512,0.002475,99/40000,binary_full_u_eb,0.05,500,0,0.0,0,0.0024143472511007832,-0.039808945087240026,6.450783461332321e-05,512
rare_perfectly_correlated,512,0.002475,99/40000,binary_full_u_joint,0.05,500,0,0.0,0,0.0024143472511007832,-0.017592377568064234,6.448656320571899e-05,512
rare_perfectly_correlated,512,0.002475,99/40000,stratified_hoeffding,0.05,500,0,0.0,0,0.00246484375,-0.10571130516264288,2.7194209396839143e-05,512
rare_perfectly_correlated,512,0.002475,99/40000,stratified_hybrid,0.05,500,0,0.0,0,0.00246484375,-0.08228433018669566,2.529771625995636e-05,512
rare_perfectly_correlated,512,0.002475,99/40000,binary_stratified_hoeffding,0.05,500,0,0.0,0,0.00246484375,-0.024579193478160715,2.472575753927231e-05,512
rare_perfectly_correlated,512,0.002475,99/40000,binary_stratified_hybrid,0.05,500,0,0.0,0,0.00246484375,-0.021902073409693336,2.4811498820781708e-05,512
rare_perfectly_correlated,512,0.002475,99/40000,stratified_profiled_betting64,0.05,500,0,0.0,,0.00246484375,,0.0005527980625629425,512
rare_perfectly_correlated,512,0.002475,99/40000,binary_stratified_betting64,0.05,500,0,0.0,,0.00246484375,,0.0006569078490138054,512
rare_perfectly_correlated,512,0.002475,99/40000,direct_four_row_betting64,0.05,500,4,0.008,,0.002411783854166667,,0.0007285907045006752,512
rare_perfectly_correlated,512,0.002475,99/40000,binary_all_raw_pair_betting64,0.05,500,15,0.03,,0.0024111328125,,0.0007442227378487587,512
rare_perfectly_correlated,2048,0.002475,99/40000,full_u_hoeffding,0.05,500,0,0.0,0,0.0024555305067247802,-0.006559148569328789,7.27136954665184e-05,2048
rare_perfectly_correlated,2048,0.002475,99/40000,full_u_eb,0.05,500,0,0.0,0,0.0024555305067247802,-0.017730092932525723,7.045529782772064e-05,2048
rare_perfectly_correlated,2048,0.002475,99/40000,full_u_joint,0.05,500,0,0.0,0,0.0024555305067247802,-0.007547831902857727,7.049575448036194e-05,2048
rare_perfectly_correlated,2048,0.002475,99/40000,binary_full_u_eb,0.05,500,0,0.0,0,0.0024555305067247802,-0.008827453591663422,7.017437368631363e-05,2048
rare_perfectly_correlated,2048,0.002475,99/40000,binary_full_u_joint,0.05,500,0,0.0,0,0.0024555305067247802,-0.007547831902857727,7.014939188957214e-05,2048
rare_perfectly_correlated,2048,0.002475,99/40000,stratified_hoeffding,0.05,500,0,0.0,0,0.00243994140625,-0.05164813305007144,3.6022335290908815e-05,2048
rare_perfectly_correlated,2048,0.002475,99/40000,stratified_hybrid,0.05,500,0,0.0,0,0.00243994140625,-0.019800659760281895,3.403833508491516e-05,2048
rare_perfectly_correlated,2048,0.002475,99/40000,binary_stratified_hoeffding,0.05,500,0,0.0,0,0.00243994140625,-0.011082077207830356,3.3452324569225315e-05,2048
rare_perfectly_correlated,2048,0.002475,99/40000,binary_stratified_hybrid,0.05,500,0,0.0,0,0.00243994140625,-0.004793719230576825,3.350702673196793e-05,2048
rare_perfectly_correlated,2048,0.002475,99/40000,stratified_profiled_betting64,0.05,500,0,0.0,,0.00243994140625,,0.000715920053422451,2048
rare_perfectly_correlated,2048,0.002475,99/40000,binary_stratified_betting64,0.05,500,269,0.538,,0.00243994140625,,0.000815737321972847,2048
rare_perfectly_correlated,2048,0.002475,99/40000,direct_four_row_betting64,0.05,500,486,0.972,,0.0024574381510416663,,0.0008565807789564133,2048
rare_perfectly_correlated,2048,0.002475,99/40000,binary_all_raw_pair_betting64,0.05,500,498,0.996,,0.002457275390625,,0.0008865727782249451,2048
rare_perfectly_correlated,8192,0.002475,99/40000,full_u_hoeffding,0.05,500,0,0.0,0,0.002467693080629655,-0.00203964645739713,8.956553786993026e-05,8192
rare_perfectly_correlated,8192,0.002475,99/40000,full_u_eb,0.05,500,0,0.0,0,0.002467693080629655,-0.002943736537631714,8.730468899011612e-05,8192
rare_perfectly_correlated,8192,0.002475,99/40000,full_u_joint,0.05,500,0,0.0,0,0.002467693080629655,-0.002533988124161599,8.733222633600235e-05,8192
rare_perfectly_correlated,8192,0.002475,99/40000,binary_full_u_eb,0.05,500,1,0.002,0,0.002467693080629655,-0.0007192367992139333,8.69983360171318e-05,8192
rare_perfectly_correlated,8192,0.002475,99/40000,binary_full_u_joint,0.05,500,0,0.0,0,0.002467693080629655,-0.001246581119456894,8.701479434967041e-05,8192
rare_perfectly_correlated,8192,0.002475,99/40000,stratified_hoeffding,0.05,500,0,0.0,0,0.002463134765625,-0.024580902462535713,6.554139405488967e-05,8192
rare_perfectly_correlated,8192,0.002475,99/40000,stratified_hybrid,0.05,500,0,0.0,0,0.002463134765625,-0.0036645386511448253,6.344529986381531e-05,8192
rare_perfectly_correlated,8192,0.002475,99/40000,binary_stratified_hoeffding,0.05,500,0,0.0,0,0.002463134765625,-0.004297874541415177,6.285175681114197e-05,8192
rare_perfectly_correlated,8192,0.002475,99/40000,binary_stratified_hybrid,0.05,500,284,0.568,0,0.002463134765625,8.169809076005586e-05,6.293585151433945e-05,8192
rare_perfectly_correlated,8192,0.002475,99/40000,stratified_profiled_betting64,0.05,500,488,0.976,,0.002463134765625,,0.0008560769036412239,8192
rare_perfectly_correlated,8192,0.002475,99/40000,binary_stratified_betting64,0.05,500,500,1.0,,0.002463134765625,,0.0009574667811393738,8192
rare_perfectly_correlated,8192,0.002475,99/40000,direct_four_row_betting64,0.05,500,500,1.0,,0.0024666748046875,,0.0009905063435435295,8192
rare_perfectly_correlated,8192,0.002475,99/40000,binary_all_raw_pair_betting64,0.05,500,500,1.0,,0.002468994140625,,0.0010499183386564255,8192
rare_perfectly_correlated,32768,0.002475,99/40000,full_u_hoeffding,0.05,500,478,0.956,0,0.0024783873267433818,0.00022471755772998943,0.0001557837501168251,32768
rare_perfectly_correlated,32768,0.002475,99/40000,full_u_eb,0.05,500,500,1.0,0,0.0024783873267433818,0.0009421369275148424,0.00015348243713378905,32768
rare_perfectly_correlated,32768,0.002475,99/40000,full_u_joint,0.05,500,500,1.0,0,0.0024783873267433818,0.0006893293727024617,0.00015350226312875747,32768
rare_perfectly_correlated,32768,0.002475,99/40000,binary_full_u_eb,0.05,500,500,1.0,0,0.0024783873267433818,0.001498189415438478,0.00015317747741937639,32768
rare_perfectly_correlated,32768,0.002475,99/40000,binary_full_u_joint,0.05,500,500,1.0,0,0.0024783873267433818,0.0013498651377409875,0.00015320000052452087,32768
rare_perfectly_correlated,32768,0.002475,99/40000,stratified_hoeffding,0.05,500,0,0.0,0,0.002480865478515625,-0.011041153135564731,0.00018132816255092622,32768
rare_perfectly_correlated,32768,0.002475,99/40000,stratified_hybrid,0.05,500,500,1.0,0,0.002480865478515625,0.0006627109527682351,0.00017898573726415635,32768
rare_perfectly_correlated,32768,0.002475,99/40000,binary_stratified_hoeffding,0.05,500,0,0.0,0,0.002480865478515625,-0.0008996391750044634,0.00017839841544628143,32768
rare_perfectly_correlated,32768,0.002475,99/40000,binary_stratified_hybrid,0.05,500,500,1.0,0,0.002480865478515625,0.0015989271181545484,0.00017843855917453765,32768
rare_perfectly_correlated,32768,0.002475,99/40000,stratified_profiled_betting64,0.05,500,500,1.0,,0.002480865478515625,,0.0010810883715748787,32768
rare_perfectly_correlated,32768,0.002475,99/40000,binary_stratified_betting64,0.05,500,500,1.0,,0.002480865478515625,,0.0011759850382804871,32768
rare_perfectly_correlated,32768,0.002475,99/40000,direct_four_row_betting64,0.05,500,500,1.0,,0.002479156494140625,,0.0011386073902249336,32768
rare_perfectly_correlated,32768,0.002475,99/40000,binary_all_raw_pair_betting64,0.05,500,500,1.0,,0.002479522705078125,,0.0013809246867895126,32768
