task,baseline,candidate,raw_draw_calls,distinct_sampled_rows,population_rows,declared_categories,positive_categories,p_min,exact_archive_target,independent_blocks,kernel_lower,kernel_upper,kernel_range,alpha,by_first_threshold,whole_case_seconds,process_peak_rss_kib,method,estimate,radius,lower,p,log_p,first_threshold_lower,sample_variance,arithmetic_seconds,first_term,second_term,lower_covers_archive_target,p_BY,retained
appliances,ridge,category_copy,32768,336,336,32,31,0.002976190476190476,-2.9347503914472164e-34,8192,-83.83333333333333,0.3333333333333333,84.16666666666666,0.05,0.002299605781865966,14.393808290362358,99720,direct_block_empirical_bernstein,0.010084510072825053,0.11839793191405527,-0.10831342184123022,1.0,0.0,-0.19276201142277866,0.9961787812796266,0.8325661458075047,,,True,1.0,False
appliances,ridge,category_copy,32768,336,336,32,31,0.002976190476190476,-2.9347503914472164e-34,8192,-83.83333333333333,0.3333333333333333,84.16666666666666,0.05,0.002299605781865966,14.393808290362358,99720,direct_full_u_hoeffding,0.0010627609061301113,1.138103233351763,-1.137040472445633,0.9999973877769492,-2.612226462630091e-06,-1.6196420722576947,,13.55341175198555,0.30584546276478664,0.3047827018586565,True,1.0,False
appliances,ridge,extra_trees,32768,336,336,32,31,0.002976190476190476,0.00984922674713656,8192,-83.83333333333333,0.3333333333333333,84.16666666666666,0.05,0.002299605781865966,14.068488106131554,99736,direct_block_empirical_bernstein,0.016554224748033856,0.11850223679371888,-0.10194801204568502,1.0,0.0,-0.18643358070639654,1.003128888850427,0.8298709839582443,,,True,1.0,False
appliances,ridge,extra_trees,32768,336,336,32,31,0.002976190476190476,0.00984922674713656,8192,-83.83333333333333,0.3333333333333333,84.16666666666666,0.05,0.002299605781865966,14.068488106131554,99736,direct_full_u_hoeffding,0.011039897162130496,1.138103233351763,-1.1270633361896327,0.9997181561706682,-0.00028188355476827903,-1.6096649360016944,,13.230715375393629,0.3144855949900185,0.303445697827888,True,1.0,False
appliances,ridge,hist_gradient_boosting,32768,336,336,32,31,0.002976190476190476,0.009052379273425554,8192,-83.83333333333333,0.3333333333333333,84.16666666666666,0.05,0.002299605781865966,14.053891211748123,100652,direct_block_empirical_bernstein,0.012779924553927433,0.11850172675401056,-0.10572180220008313,1.0,0.0,-0.1902071900370517,1.0030948447854564,0.8338717333972454,,,True,1.0,False
appliances,ridge,hist_gradient_boosting,32768,336,336,32,31,0.002976190476190476,0.009052379273425554,8192,-83.83333333333333,0.3333333333333333,84.16666666666666,0.05,0.002299605781865966,14.053891211748123,100652,direct_full_u_hoeffding,0.01032925877601959,1.138103233351763,-1.1277739745757436,0.9997532686034681,-0.0002467618397305329,-1.6103755743878054,,13.212174020707607,0.3121751881304823,0.3018459293544627,True,1.0,False
appliances,ridge,independent_noise,32768,336,336,32,31,0.002976190476190476,-0.0003378320739064407,8192,-83.83333333333333,0.3333333333333333,84.16666666666666,0.05,0.002299605781865966,14.960309147834778,100292,direct_block_empirical_bernstein,-0.007286164878858005,0.11258747108833847,-0.11987363596719647,1.0,0.0,-0.20226225010424692,0.6471730047442668,0.8542737811803818,,,True,1.0,False
appliances,ridge,independent_noise,32768,336,336,32,31,0.002976190476190476,-0.0003378320739064407,8192,-83.83333333333333,0.3333333333333333,84.16666666666666,0.05,0.002299605781865966,14.960309147834778,100292,direct_full_u_hoeffding,9.350089590121069e-05,1.138103233351763,-1.138009732455862,0.9999999797804622,-2.0219538005168483e-08,-1.6206113322679236,,14.098088093101978,0.24689915563962128,0.24680565474372007,True,1.0,False
appliances,ridge,persistence,32768,336,336,32,31,0.002976190476190476,0.018315390993407368,8192,-83.83333333333333,0.3333333333333333,84.16666666666666,0.05,0.002299605781865966,14.037571121007204,99408,direct_block_empirical_bernstein,0.023954051225281825,0.11832290694574467,-0.09436885572046284,1.0,0.0,-0.17879084679337662,0.9911946100416843,0.8248558863997459,,,True,1.0,False
appliances,ridge,persistence,32768,336,336,32,31,0.002976190476190476,0.018315390993407368,8192,-83.83333333333333,0.3333333333333333,84.16666666666666,0.05,0.002299605781865966,14.037571121007204,99408,direct_full_u_hoeffding,0.019517373990741993,1.138103233351763,-1.1185858593610212,0.9991193747038105,-0.0008810132744380013,-1.601187459173083,,13.197313003242016,0.3148699454785323,0.2953525714877903,True,1.0,False
appliances,ridge,ridge_full,32768,336,336,32,31,0.002976190476190476,0.0011572749277595161,8192,-83.83333333333333,0.3333333333333333,84.16666666666666,0.05,0.002299605781865966,13.993456043303013,100328,direct_block_empirical_bernstein,0.01389997165071371,0.1178507467526198,-0.10395077510190609,1.0,0.0,-0.18820537180922983,0.960114228479645,0.8270028047263622,,,True,1.0,False
appliances,ridge,ridge_full,32768,336,336,32,31,0.002976190476190476,0.0011572749277595161,8192,-83.83333333333333,0.3333333333333333,84.16666666666666,0.05,0.002299605781865966,13.993456043303013,100328,direct_full_u_hoeffding,0.0024920291829103047,1.138103233351763,-1.1356112041688529,0.9999856370776493,-1.4363025498434518e-05,-1.6182128039809147,,13.151885118335485,0.3051427704722444,0.3026507412893341,True,1.0,False
appliances,ridge,seasonal_day,32768,336,336,32,31,0.002976190476190476,0.007002506283021247,8192,-83.83333333333333,0.3333333333333333,84.16666666666666,0.05,0.002299605781865966,14.021273698657751,99348,direct_block_empirical_bernstein,0.013295356189819984,0.11563501748504103,-0.10233966129522104,1.0,0.0,-0.18580871826313788,0.8208747242025699,0.8280288241803646,,,True,1.0,False
appliances,ridge,seasonal_day,32768,336,336,32,31,0.002976190476190476,0.007002506283021247,8192,-83.83333333333333,0.3333333333333333,84.16666666666666,0.05,0.002299605781865966,14.021273698657751,99348,direct_full_u_hoeffding,0.007993250045937983,1.138103233351763,-1.1301099833058252,0.9998522408466229,-0.00014777007083625302,-1.6127115831178869,,13.178134746849537,0.2871878203602535,0.2791945703143155,True,1.0,False
appliances,ridge,seasonal_week,32768,336,336,32,31,0.002976190476190476,-0.00779300793605948,8192,-83.83333333333333,0.3333333333333333,84.16666666666666,0.05,0.002299605781865966,14.311601210385561,99712,direct_block_empirical_bernstein,0.0034515778038422098,0.11479530700118182,-0.1113437291973396,1.0,0.0,-0.19451508465256717,0.7709549960071596,0.8470091447234154,,,True,1.0,False
appliances,ridge,seasonal_week,32768,336,336,32,31,0.002976190476190476,-0.00779300793605948,8192,-83.83333333333333,0.3333333333333333,84.16666666666666,0.05,0.002299605781865966,14.311601210385561,99712,direct_full_u_hoeffding,-0.007112099171541653,1.138103233351763,-1.1452153325233048,1.0,-0.0,-1.6278169323353666,,13.449784155935049,0.2760863308959915,0.28319843006753315,True,1.0,False
appliances,seasonal_day,category_copy,32768,336,336,32,30,0.005952380952380952,2.494537832730134e-33,8192,-41.833333333333336,0.3333333333333333,42.16666666666667,0.05,0.002299605781865966,16.04676629602909,100172,direct_block_empirical_bernstein,0.012277144243140487,0.07605310318353685,-0.06377595894039637,1.0,0.0,-0.11201758261665114,1.1188171091649108,0.8259814493358135,,,True,1.0,False
appliances,seasonal_day,category_copy,32768,336,336,32,30,0.005952380952380952,2.494537832730134e-33,8192,-41.833333333333336,0.3333333333333333,42.16666666666667,0.05,0.002299605781865966,16.04676629602909,100172,direct_full_u_hoeffding,-0.0010629245763255635,0.5701784515603884,-0.5712413761367139,1.0,-0.0,-0.8130199994088956,,15.213343255221844,0.2870715059250529,0.2881344305013785,True,1.0,False
appliances,seasonal_day,extra_trees,32768,336,336,32,30,0.005952380952380952,0.035610794719324566,8192,-41.833333333333336,0.3333333333333333,42.16666666666667,0.05,0.002299605781865966,15.215385060757399,99904,direct_block_empirical_bernstein,0.04331430837096336,0.07627381885890966,-0.0329595104879463,0.3423021405707859,-1.0720614799721648,-0.0812793842178752,1.1344299783507166,0.8331655003130436,,,True,1.0,False
appliances,seasonal_day,extra_trees,32768,336,336,32,30,0.005952380952380952,0.035610794719324566,8192,-41.833333333333336,0.3333333333333333,42.16666666666667,0.05,0.002299605781865966,15.215385060757399,99904,direct_full_u_hoeffding,0.03468557054936727,0.5701784515603884,-0.5354928810110211,0.9889751169964133,-0.011086107436894282,-0.7772715042832027,,14.37476247549057,0.3144855949900185,0.2798000244406512,True,1.0,False
appliances,seasonal_day,hist_gradient_boosting,32768,336,336,32,30,0.005952380952380952,0.035212619639672774,8192,-41.833333333333336,0.3333333333333333,42.16666666666667,0.05,0.002299605781865966,15.224378507584333,101224,direct_block_empirical_bernstein,0.042316772399564793,0.07606780982800418,-0.033751037428439386,0.35869679739727206,-1.025277822843747,-0.08199787503305239,1.1198540559623085,0.8298343047499657,,,True,1.0,False
appliances,seasonal_day,hist_gradient_boosting,32768,336,336,32,30,0.005952380952380952,0.035212619639672774,8192,-41.833333333333336,0.3333333333333333,42.16666666666667,0.05,0.002299605781865966,15.224378507584333,101224,direct_full_u_hoeffding,0.03427152329304772,0.5701784515603884,-0.5359069282673407,0.9892353442360541,-0.010823013851816698,-0.7776855515395222,,14.387155201286077,0.3121751881304823,0.27790366483743456,True,1.0,False
appliances,seasonal_day,independent_noise,32768,336,336,32,30,0.005952380952380952,0.0019796569018352504,8192,-41.833333333333336,0.3333333333333333,42.16666666666667,0.05,0.002299605781865966,15.80562886223197,100564,direct_block_empirical_bernstein,0.013905246226143947,0.06887363847635072,-0.05496839225020678,1.0,0.0,-0.10066468923980953,0.6699528312504891,0.8541538044810295,,,True,1.0,False
appliances,seasonal_day,independent_noise,32768,336,336,32,30,0.005952380952380952,0.0019796569018352504,8192,-41.833333333333336,0.3333333333333333,42.16666666666667,0.05,0.002299605781865966,15.80562886223197,100564,direct_full_u_hoeffding,0.0019884789712133477,0.5701784515603884,-0.568189972589175,0.9999635652754149,-3.643538834582796e-05,-0.8099685958613566,,14.943829920142889,0.24689915563962128,0.24491067666840793,True,1.0,False
appliances,seasonal_day,persistence,32768,336,336,32,30,0.005952380952380952,0.04201925165977566,8192,-41.833333333333336,0.3333333333333333,42.16666666666667,0.05,0.002299605781865966,15.193801738321781,100812,direct_block_empirical_bernstein,0.053516646158140016,0.07531532257977461,-0.02179867642163459,0.18484194438939025,-1.6882541737246965,-0.06977873565872296,1.06741357859875,0.8347079008817673,,,True,1.0,False
appliances,seasonal_day,persistence,32768,336,336,32,30,0.005952380952380952,0.04201925165977566,8192,-41.833333333333336,0.3333333333333333,42.16666666666667,0.05,0.002299605781865966,15.193801738321781,100812,direct_full_u_hoeffding,0.041263944073047565,0.5701784515603884,-0.5289145074873408,0.9844324494316782,-0.015689997343676054,-0.7706931307595224,,14.351777538657188,0.3148699454785323,0.27360600140548474,True,1.0,False
appliances,seasonal_day,ridge_full,32768,336,336,32,30,0.005952380952380952,0.030515157153465006,8192,-41.833333333333336,0.3333333333333333,42.16666666666667,0.05,0.002299605781865966,15.781311564147472,100492,direct_block_empirical_bernstein,0.03944827402226658,0.07553788001360238,-0.0360896059913358,0.411228615834354,-0.8886059762256725,-0.08414856823843098,1.0827925438301473,0.8477469943463802,,,True,1.0,False
appliances,seasonal_day,ridge_full,32768,336,336,32,30,0.005952380952380952,0.030515157153465006,8192,-41.833333333333336,0.3333333333333333,42.16666666666667,0.05,0.002299605781865966,15.781311564147472,100492,direct_full_u_hoeffding,0.029588657475083213,0.5701784515603884,-0.5405897940853052,0.9919650849541323,-0.008067368935498028,-0.7823684173574867,,14.925974283367395,0.3051427704722444,0.2755541129971612,True,1.0,False
appliances,seasonal_day,seasonal_day,32768,336,336,32,30,0.005952380952380952,0.00028583707854406046,8192,-41.833333333333336,0.3333333333333333,42.16666666666667,0.05,0.002299605781865966,15.914063520729542,100172,direct_block_empirical_bernstein,0.012659225720749161,0.07546197212973974,-0.06280274640899057,1.0,0.0,-0.11083479712849936,1.0775348645464027,0.8315096534788609,,,True,1.0,False
appliances,seasonal_day,seasonal_day,32768,336,336,32,30,0.005952380952380952,0.00028583707854406046,8192,-41.833333333333336,0.3333333333333333,42.16666666666667,0.05,0.002299605781865966,15.914063520729542,100172,direct_full_u_hoeffding,-0.0007390696040929234,0.5701784515603884,-0.5709175211644812,1.0,-0.0,-0.8126961444366629,,15.075070079416037,0.2871878203602535,0.2879268899643464,True,1.0,False
appliances,seasonal_day,seasonal_week,32768,336,336,32,30,0.005952380952380952,0.010057801608400283,8192,-41.833333333333336,0.3333333333333333,42.16666666666667,0.05,0.002299605781865966,15.19630354642868,99904,direct_block_empirical_bernstein,0.022767147515960928,0.07416327847035359,-0.05139613095439266,0.9314118221067579,-0.07105375567915706,-0.09896775742727028,0.9895644290498403,0.8306790366768837,,,True,1.0,False
appliances,seasonal_day,seasonal_week,32768,336,336,32,30,0.005952380952380952,0.010057801608400283,8192,-41.833333333333336,0.3333333333333333,42.16666666666667,0.05,0.002299605781865966,15.19630354642868,99904,direct_full_u_hoeffding,0.008958791727260829,0.5701784515603884,-0.5612196598331276,0.9992607017260614,-0.0007395716896729594,-0.8029982831053091,,14.358176868408918,0.2760863308959915,0.26712753916873067,True,1.0,False
metro,ridge,category_copy,32768,4361,4362,32,30,0.00022925263640531865,1.5191269151436265e-31,8192,-1090.3333333333333,0.3333333333333333,1090.6666666666665,0.05,0.002299605781865966,14.699510157108307,100376,direct_block_empirical_bernstein,0.008554473836047039,1.1794085136294326,-1.1708540397933855,1.0,0.0,-2.13937259918214,1.2311499738223468,0.8361484073102474,,,True,1.0,False
metro,ridge,category_copy,32768,4361,4362,32,30,0.00022925263640531865,1.5191269151436265e-31,8192,-1090.3333333333333,0.3333333333333333,1090.6666666666665,0.05,0.002299605781865966,14.699510157108307,100376,direct_full_u_hoeffding,0.0021555255554608355,14.748014968423638,-14.745859442868177,0.9999999360055668,-6.399443528101751e-08,-20.999611659046657,,13.852655980736017,0.329172243365857,0.32701671781039615,True,1.0,False
metro,ridge,extra_trees,32768,4361,4362,32,30,0.00022925263640531865,0.003991274885207836,8192,-1090.3333333333333,0.3333333333333333,1090.6666666666665,0.05,0.002299605781865966,14.292069137096405,100068,direct_block_empirical_bernstein,0.015087616693379376,1.1789850646622808,-1.1638974479689015,1.0,0.0,-2.1322658825223813,1.2000364602147784,0.8319532312452793,,,True,1.0,False
metro,ridge,extra_trees,32768,4361,4362,32,30,0.00022925263640531865,0.003991274885207836,8192,-1090.3333333333333,0.3333333333333333,1090.6666666666665,0.05,0.002299605781865966,14.292069137096405,100068,direct_full_u_hoeffding,0.006004202707598383,14.748014968423638,-14.742010765716039,0.9999995034689144,-4.965312088919769e-07,-20.995762981894522,,13.448163397610188,0.3319737450350519,0.3259695423274535,True,1.0,False
metro,ridge,hist_gradient_boosting,32768,4361,4362,32,30,0.00022925263640531865,0.004254362983747157,8192,-1090.3333333333333,0.3333333333333333,1090.6666666666665,0.05,0.002299605781865966,14.316430229693651,101224,direct_block_empirical_bernstein,0.016084588766284314,1.1792581047165906,-1.1631735159503063,1.0,0.0,-2.131638751054399,1.220052865506071,0.8295754082500935,,,True,1.0,False
metro,ridge,hist_gradient_boosting,32768,4361,4362,32,30,0.00022925263640531865,0.004254362983747157,8192,-1090.3333333333333,0.3333333333333333,1090.6666666666665,0.05,0.002299605781865966,14.316430229693651,101224,direct_full_u_hoeffding,0.006239135357059888,14.748014968423638,-14.741775833066578,0.9999994638521637,-5.361479800369378e-07,-20.99552804924506,,13.474985137581825,0.33186144253306055,0.32562230717600066,True,1.0,False
metro,ridge,independent_noise,32768,4361,4362,32,30,0.00022925263640531865,0.00022433896698114677,8192,-1090.3333333333333,0.3333333333333333,1090.6666666666665,0.05,0.002299605781865966,14.630965512245893,100564,direct_block_empirical_bernstein,0.0009697617037067994,1.171215955439653,-1.1702461937359463,1.0,0.0,-2.135860255666621,0.6998635805612139,0.8426248505711555,,,True,1.0,False
metro,ridge,independent_noise,32768,4361,4362,32,30,0.00022925263640531865,0.00022433896698114677,8192,-1090.3333333333333,0.3333333333333333,1090.6666666666665,0.05,0.002299605781865966,14.630965512245893,100564,direct_full_u_hoeffding,0.001237345305437787,14.748014968423638,-14.7467776231182,0.9999999789128599,-2.108714034985501e-08,-21.000529839296682,,13.774611327797174,0.2490792632072223,0.2478419179017845,True,1.0,False
metro,ridge,persistence,32768,4361,4362,32,30,0.00022925263640531865,0.001242136410293828,8192,-1090.3333333333333,0.3333333333333333,1090.6666666666665,0.05,0.002299605781865966,14.163930401206017,101224,direct_block_empirical_bernstein,0.012982400525437941,1.1776921577753172,-1.1647097572498792,1.0,0.0,-2.1326198191339527,1.1075022888508568,0.8321311622858047,,,True,1.0,False
metro,ridge,persistence,32768,4361,4362,32,30,0.00022925263640531865,0.001242136410293828,8192,-1090.3333333333333,0.3333333333333333,1090.6666666666665,0.05,0.002299605781865966,14.163930401206017,101224,direct_full_u_hoeffding,0.0032504280553676823,14.748014968423638,-14.74476454036827,0.9999998544819244,-1.4551808621033807e-07,-20.998516756546753,,13.320744790136814,0.3250635646798998,0.3218131366245321,True,1.0,False
metro,ridge,ridge_full,32768,4361,4362,32,30,0.00022925263640531865,0.00029865222363564104,8192,-1090.3333333333333,0.3333333333333333,1090.6666666666665,0.05,0.002299605781865966,14.519218403846025,100564,direct_block_empirical_bernstein,0.00690490809741524,1.1794808351760933,-1.172575927078678,1.0,0.0,-2.1411201265353546,1.236503714055368,0.853966474533081,,,True,1.0,False
metro,ridge,ridge_full,32768,4361,4362,32,30,0.00022925263640531865,0.00029865222363564104,8192,-1090.3333333333333,0.3333333333333333,1090.6666666666665,0.05,0.002299605781865966,14.519218403846025,100564,direct_full_u_hoeffding,0.0024363700085349715,14.748014968423638,-14.745578598415102,0.9999999182434925,-8.175651076809656e-08,-20.999330814593584,,13.652897097170353,0.3293723365211442,0.32693596651260926,True,1.0,False
metro,ridge,seasonal_day,32768,4361,4362,32,30,0.00022925263640531865,0.0008771330315130551,8192,-1090.3333333333333,0.3333333333333333,1090.6666666666665,0.05,0.002299605781865966,14.144935995340347,100044,direct_block_empirical_bernstein,0.015881917880841985,1.1779259549904117,-1.1620440371095697,1.0,0.0,-2.130036986829313,1.1239603598512258,0.8256282396614552,,,True,1.0,False
metro,ridge,seasonal_day,32768,4361,4362,32,30,0.00022925263640531865,0.0008771330315130551,8192,-1090.3333333333333,0.3333333333333333,1090.6666666666665,0.05,0.002299605781865966,14.144935995340347,100044,direct_full_u_hoeffding,0.003009142690876321,14.748014968423638,-14.745005825732761,0.9999998752842233,-1.2471578450189386e-07,-20.998758041911245,,13.308201398700476,0.32096252836315586,0.31795338567227954,True,1.0,False
metro,ridge,seasonal_week,32768,4361,4362,32,30,0.00022925263640531865,0.0009272004208301527,8192,-1090.3333333333333,0.3333333333333333,1090.6666666666665,0.05,0.002299605781865966,14.437154430896044,100172,direct_block_empirical_bernstein,0.010815209428520116,1.1782389123553954,-1.1674237029268753,1.0,0.0,-2.1355276050317,1.1461808765786463,0.8242569305002689,,,True,1.0,False
metro,ridge,seasonal_week,32768,4361,4362,32,30,0.00022925263640531865,0.0009272004208301527,8192,-1090.3333333333333,0.3333333333333333,1090.6666666666665,0.05,0.002299605781865966,14.437154430896044,100172,direct_full_u_hoeffding,0.0030433347213052464,14.748014968423638,-14.744971633702333,0.9999998724339016,-1.2756610651824417e-07,-20.998723849880815,,13.601685162633657,0.32695337865796215,0.3239100439366569,True,1.0,False
metro,seasonal_day,category_copy,32768,4361,4362,32,32,0.002751031636863824,2.023694069102045e-31,8192,-90.70833333333333,0.3333333333333333,91.04166666666666,0.05,0.002299605781865966,14.10638528689742,100376,direct_block_empirical_bernstein,0.008035533798745248,0.13221913054856668,-0.12418359674982143,1.0,0.0,-0.2170015375389709,1.4832902314068293,0.8246483504772186,,,True,1.0,False
metro,seasonal_day,category_copy,32768,4361,4362,32,32,0.002751031636863824,2.023694069102045e-31,8192,-90.70833333333333,0.3333333333333333,91.04166666666666,0.05,0.002299605781865966,14.10638528689742,100376,direct_full_u_hoeffding,0.0019213337776050055,1.2310671113235654,-1.2291457775459604,0.9999927030126852,-7.297013937957392e-06,-1.7511678050654433,,13.271064959466457,0.31972187104891775,0.31780053727131274,True,1.0,False
metro,seasonal_day,extra_trees,32768,4361,4362,32,32,0.002751031636863824,0.014228441189936004,8192,-90.70833333333333,0.3333333333333333,91.04166666666666,0.05,0.002299605781865966,14.29339985921979,100416,direct_block_empirical_bernstein,0.024188355940009572,0.131271632915743,-0.10708327697573344,1.0,0.0,-0.19956530260842956,1.4073821756480753,0.8278908170759678,,,True,1.0,False
metro,seasonal_day,extra_trees,32768,4361,4362,32,32,0.002751031636863824,0.014228441189936004,8192,-90.70833333333333,0.3333333333333333,91.04166666666666,0.05,0.002299605781865966,14.29339985921979,100416,direct_full_u_hoeffding,0.015724077651156132,1.2310671113235654,-1.2153430336724091,0.9995113883951426,-0.0004887310144057053,-1.737365061191892,,13.453554097563028,0.3319737450350519,0.31624966738389576,True,1.0,False
metro,seasonal_day,hist_gradient_boosting,32768,4361,4362,32,32,0.002751031636863824,0.01440735534211913,8192,-90.70833333333333,0.3333333333333333,91.04166666666666,0.05,0.002299605781865966,14.061390481889248,101224,direct_block_empirical_bernstein,0.02523305636965957,0.13074766590397344,-0.10551460953431387,1.0,0.0,-0.19781087379448764,1.366261044733484,0.8334006518125534,,,True,1.0,False
metro,seasonal_day,hist_gradient_boosting,32768,4361,4362,32,32,0.002751031636863824,0.01440735534211913,8192,-90.70833333333333,0.3333333333333333,91.04166666666666,0.05,0.002299605781865966,14.061390481889248,101224,direct_full_u_hoeffding,0.01586586670730128,1.2310671113235654,-1.215201244616264,0.9995025389317549,-0.0004975848430527858,-1.737223272135747,,13.216256432235241,0.33186144253306055,0.31599557582575927,True,1.0,False
metro,seasonal_day,independent_noise,32768,4361,4362,32,32,0.002751031636863824,-0.0006842245102447061,8192,-90.70833333333333,0.3333333333333333,91.04166666666666,0.05,0.002299605781865966,14.33287039399147,100792,direct_block_empirical_bernstein,0.0038792661563249054,0.12105953677175112,-0.11718027061542621,1.0,0.0,-0.2060418145127721,0.7157880944075977,0.8512920588254929,,,True,1.0,False
metro,seasonal_day,independent_noise,32768,4361,4362,32,32,0.002751031636863824,-0.0006842245102447061,8192,-90.70833333333333,0.3333333333333333,91.04166666666666,0.05,0.002299605781865966,14.33287039399147,100792,direct_full_u_hoeffding,0.00011593216532843065,1.2310671113235654,-1.230951179158237,0.9999999734326994,-2.6567300931418018e-08,-1.75297320667772,,13.469486273825169,0.2490792632072223,0.24896333104189386,True,1.0,False
metro,seasonal_day,persistence,32768,4361,4362,32,32,0.002751031636863824,0.013363659245006645,8192,-90.70833333333333,0.3333333333333333,91.04166666666666,0.05,0.002299605781865966,14.049798101186752,101224,direct_block_empirical_bernstein,0.016769696782192305,0.13008349150983795,-0.11331379472764563,1.0,0.0,-0.20537459006653733,1.3150126101875454,0.8296214230358601,,,True,1.0,False
metro,seasonal_day,persistence,32768,4361,4362,32,32,0.002751031636863824,0.013363659245006645,8192,-90.70833333333333,0.3333333333333333,91.04166666666666,0.05,0.002299605781865966,14.049798101186752,101224,direct_full_u_hoeffding,0.01448054748857125,1.2310671113235654,-1.2165865638349942,0.9995856002323477,-0.0004144856549646237,-1.738608591354477,,13.209109663963318,0.3250635646798998,0.3105830171913285,True,1.0,False
metro,seasonal_day,ridge_full,32768,4361,4362,32,32,0.002751031636863824,0.010734588048250287,8192,-90.70833333333333,0.3333333333333333,91.04166666666666,0.05,0.002299605781865966,14.3682861328125,100724,direct_block_empirical_bernstein,0.023071269898657813,0.13068774585437742,-0.1076164759557196,1.0,0.0,-0.19989149683529014,1.3615973441951923,0.8506228998303413,,,True,1.0,False
metro,seasonal_day,ridge_full,32768,4361,4362,32,32,0.002751031636863824,0.010734588048250287,8192,-90.70833333333333,0.3333333333333333,91.04166666666666,0.05,0.002299605781865966,14.3682861328125,100724,direct_full_u_hoeffding,0.01220794492293159,1.2310671113235654,-1.2188591664006339,0.9997054488695687,-0.00029459451913589813,-1.7408811939201168,,13.505570352077484,0.3293723365211442,0.31716439159821264,True,1.0,False
metro,seasonal_day,seasonal_day,32768,4361,4362,32,32,0.002751031636863824,0.0002959403163053781,8192,-90.70833333333333,0.3333333333333333,91.04166666666666,0.05,0.002299605781865966,14.343373492360115,100324,direct_block_empirical_bernstein,0.008085241239993365,0.13216400528479627,-0.1240787640448029,1.0,0.0,-0.2168771613428,1.4788192912892244,0.838167168200016,,,True,1.0,False
metro,seasonal_day,seasonal_day,32768,4361,4362,32,32,0.002751031636863824,0.0002959403163053781,8192,-90.70833333333333,0.3333333333333333,91.04166666666666,0.05,0.002299605781865966,14.343373492360115,100324,direct_full_u_hoeffding,0.0021925047367658546,1.2310671113235654,-1.2288746065867995,0.9999904979227384,-9.502122406652785e-06,-1.7508966341062824,,13.493896368891,0.32096252836315586,0.31877002362639,True,1.0,False
metro,seasonal_day,seasonal_week,32768,4361,4362,32,32,0.002751031636863824,0.012386290321703903,8192,-90.70833333333333,0.3333333333333333,91.04166666666666,0.05,0.002299605781865966,14.260479923337698,100376,direct_block_empirical_bernstein,0.022158885750123473,0.13042792930435543,-0.10826904355423195,1.0,0.0,-0.20045195199570626,1.3414675295702656,0.8395180962979794,,,True,1.0,False
metro,seasonal_day,seasonal_week,32768,4361,4362,32,32,0.002751031636863824,0.012386290321703903,8192,-90.70833333333333,0.3333333333333333,91.04166666666666,0.05,0.002299605781865966,14.260479923337698,100376,direct_full_u_hoeffding,0.014036517885753885,1.2310671113235654,-1.2170305934378116,0.9996106199107191,-0.0003894559173925335,-1.7390526209572945,,13.409768655896187,0.32695337865796215,0.31291686077220826,True,1.0,False
